model,term,mean_coefficient,mean_abs_coefficient,nonzero_frequency
elastic_net,amount_1000,-0.00021739471469476923,0.00021739471469476923,0.1
elastic_net,amount_1000__x__income_h,0.0005143621643160731,0.0005143621643160731,0.4
elastic_net,amount_1000__x__q01_lifesat,0.0,0.0,0.0
elastic_net,amount_1000__x__q02_safety,0.0009457043118093155,0.0009457043118093155,0.4
elastic_net,amount_1000__x__q03a_fair_dist,0.0,0.0,0.0
elastic_net,amount_1000__x__q03b_fair_opp,0.0,0.0,0.0
elastic_net,amount_1000__x__q03c_fair_rule,0.0,0.0,0.0
elastic_net,amount_1000__x__q04_trust_gov,0.0,0.0,0.0
elastic_net,amount_1000__x__q05_trust_soc,-1.3485506553735085e-05,1.3485506553735085e-05,0.1
elastic_net,amount_1000__x__q06_socsec,-4.588461276921317e-05,4.588461276921317e-05,0.1
elastic_net,amount_1000__x__q07_emergfund,0.0004432596356189212,0.0004432596356189213,0.5
elastic_net,amount_1000__x__q08_support,9.703489158743342e-05,9.703489158743342e-05,0.1
elastic_net,amount_1000__x__q09_gain,0.0,0.0,0.0
elastic_net,amount_1000__x__q10_effort,0.0,0.0,0.0
elastic_net,amount_1000__x__q11_mobility,0.0,0.0,0.0
elastic_net,amount_1000__x__q12_voice,-2.824899179459711e-05,2.824899179459711e-05,0.1
elastic_net,amount_1000__x__q13_pressure,0.0,0.0,0.0
elastic_net,amount_1000__x__q15_fut_self,-7.006553076723954e-05,7.006553076723954e-05,0.1
elastic_net,amount_1000__x__q16_fut_society,0.0,0.0,0.0
elastic_net,amount_1000__x__q17a_fut_econ,0.0,0.0,0.0
elastic_net,amount_1000__x__q17b_fut_job,0.0,0.0,0.0
elastic_net,amount_1000__x__q17c_fut_price,0.0,0.0,0.0
elastic_net,amount_1000__x__q17d_fut_fair,0.0,0.0,0.0
elastic_net,amount_1000__x__q17e_fut_welfare,0.00010552912394369244,0.00010552912394369244,0.1
elastic_net,amount_1000__x__q18_ses_now,0.0,0.0,0.0
elastic_net,amount_1000__x__q19_ses_past5,-5.3467783711814884e-06,5.3467783711814884e-06,0.1
elastic_net,amount_1000__x__q20_ses_next1,0.0,0.0,0.0
elastic_net,amount_1000__x__q21_order,0.0,0.0,0.0
elastic_net,amount_1000__x__q22_vitality,1.506947607808402e-05,1.506947607808402e-05,0.1
elastic_net,amount_1000__x__q23_hukou,0.0001247456766854583,0.0001247456766854583,0.2
elastic_net,amount_1000__x__q24_workstat,0.0,0.0,0.0
elastic_net,amount_1000__x__q25_unittype,0.0,0.0,0.0
elastic_net,amount_1000__x__q26_housing,0.0,0.0,0.0
elastic_net,amount_1000__x__q27_minorchild,0.0,0.0,0.0
elastic_net,amount_1000__x__q28_hhsize,0.0,0.0,0.0
elastic_net,amount_1000__x__q29_foodexp,0.0,0.0,0.0
elastic_net,amount_1000__x__q30_medexp,9.512174194298899e-05,9.512174194298899e-05,0.2
elastic_net,amount_1000__x__q31_gotsubsidy,-0.003215680349969199,0.003215680349969199,1.0
elastic_net,amount_1000__x__q41_gender,-0.00042924594757876597,0.00042924594757876597,0.4
elastic_net,amount_1000__x__q42_age,0.0,0.0,0.0
elastic_net,amount_1000__x__q43_edu,9.279310760172703e-05,9.279310760172703e-05,0.2
elastic_net,amount_1000__x__q49_citytier,0.0,0.0,0.0
elastic_net,amount_5000,-0.00397298133648104,0.003972981336481039,1.0
elastic_net,amount_5000__x__income_h,5.9076269465162845e-05,5.9076269465162845e-05,0.1
elastic_net,amount_5000__x__q01_lifesat,0.0,0.0,0.0
elastic_net,amount_5000__x__q02_safety,0.00020690468873939432,0.00020690468873939432,0.1
elastic_net,amount_5000__x__q03a_fair_dist,0.0,0.0,0.0
elastic_net,amount_5000__x__q03b_fair_opp,0.0,0.0,0.0
elastic_net,amount_5000__x__q03c_fair_rule,0.0,0.0,0.0
elastic_net,amount_5000__x__q04_trust_gov,0.0,0.0,0.0
elastic_net,amount_5000__x__q05_trust_soc,0.0,0.0,0.0
elastic_net,amount_5000__x__q06_socsec,0.0,0.0,0.0
elastic_net,amount_5000__x__q07_emergfund,0.0,0.0,0.0
elastic_net,amount_5000__x__q08_support,-0.00013345372833553407,0.00013345372833553407,0.1
elastic_net,amount_5000__x__q09_gain,0.0,0.0,0.0
elastic_net,amount_5000__x__q10_effort,0.0,0.0,0.0
elastic_net,amount_5000__x__q11_mobility,0.0,0.0,0.0
elastic_net,amount_5000__x__q12_voice,0.0,0.0,0.0
elastic_net,amount_5000__x__q13_pressure,0.0,0.0,0.0
elastic_net,amount_5000__x__q15_fut_self,0.0,0.0,0.0
elastic_net,amount_5000__x__q16_fut_society,0.0,0.0,0.0
elastic_net,amount_5000__x__q17a_fut_econ,0.0,0.0,0.0
elastic_net,amount_5000__x__q17b_fut_job,0.0,0.0,0.0
elastic_net,amount_5000__x__q17c_fut_price,0.0,0.0,0.0
elastic_net,amount_5000__x__q17d_fut_fair,0.0,0.0,0.0
elastic_net,amount_5000__x__q17e_fut_welfare,0.0,0.0,0.0
elastic_net,amount_5000__x__q18_ses_now,0.0,0.0,0.0
elastic_net,amount_5000__x__q19_ses_past5,0.0,0.0,0.0
elastic_net,amount_5000__x__q20_ses_next1,0.0,0.0,0.0
elastic_net,amount_5000__x__q21_order,9.268518416270608e-05,9.268518416270608e-05,0.2
elastic_net,amount_5000__x__q22_vitality,0.0,0.0,0.0
elastic_net,amount_5000__x__q23_hukou,0.0,0.0,0.0
elastic_net,amount_5000__x__q24_workstat,-0.0009789790168053866,0.0009789790168053866,0.6
elastic_net,amount_5000__x__q25_unittype,0.0,0.0,0.0
elastic_net,amount_5000__x__q26_housing,0.0,0.0,0.0
elastic_net,amount_5000__x__q27_minorchild,0.0,0.0,0.0
elastic_net,amount_5000__x__q28_hhsize,0.001830209996523725,0.001830209996523725,1.0
elastic_net,amount_5000__x__q29_foodexp,0.00042751333188779386,0.00042751333188779386,0.3
elastic_net,amount_5000__x__q30_medexp,0.006044594242133322,0.006044594242133322,1.0
elastic_net,amount_5000__x__q31_gotsubsidy,0.0,0.0,0.0
elastic_net,amount_5000__x__q41_gender,0.0,0.0,0.0
elastic_net,amount_5000__x__q42_age,0.0,0.0,0.0
elastic_net,amount_5000__x__q43_edu,0.00010745398408165826,0.00010745398408165826,0.1
elastic_net,amount_5000__x__q49_citytier,0.0,0.0,0.0
elastic_net,income_h,0.002855000040735321,0.0028550000407353204,0.7
elastic_net,q01_lifesat,-0.0009605769938183121,0.0009605769938183121,0.3
elastic_net,q02_safety,0.0,0.0,0.0
elastic_net,q03a_fair_dist,0.0,0.0,0.0
elastic_net,q03b_fair_opp,0.0,0.0,0.0
elastic_net,q03c_fair_rule,0.0,0.0,0.0
elastic_net,q04_trust_gov,0.0,0.0,0.0
elastic_net,q05_trust_soc,0.0,0.0,0.0
elastic_net,q06_socsec,0.0,0.0,0.0
elastic_net,q07_emergfund,0.0,0.0,0.0
elastic_net,q08_support,0.0,0.0,0.0
elastic_net,q09_gain,0.0,0.0,0.0
elastic_net,q10_effort,0.0,0.0,0.0
elastic_net,q11_mobility,-0.00015442901252540778,0.00015442901252540778,0.2
elastic_net,q12_voice,0.0,0.0,0.0
elastic_net,q13_pressure,0.0,0.0,0.0
elastic_net,q15_fut_self,-0.00031111763370325125,0.00031111763370325125,0.2
elastic_net,q16_fut_society,0.0,0.0,0.0
elastic_net,q17a_fut_econ,0.0,0.0,0.0
elastic_net,q17b_fut_job,-0.00022723500744109885,0.00022723500744109885,0.1
elastic_net,q17c_fut_price,0.0,0.0,0.0
elastic_net,q17d_fut_fair,0.0,0.0,0.0
elastic_net,q17e_fut_welfare,0.0,0.0,0.0
elastic_net,q18_ses_now,-0.005201452121306309,0.005201452121306309,1.0
elastic_net,q19_ses_past5,-0.0018693955596040667,0.0018693955596040667,0.8
elastic_net,q20_ses_next1,-0.0073059220746823795,0.007305922074682378,1.0
elastic_net,q21_order,0.005997428346567221,0.005997428346567221,1.0
elastic_net,q22_vitality,0.0,0.0,0.0
elastic_net,q23_hukou,0.002377178158190178,0.0023771781581901777,0.8
elastic_net,q24_workstat,-0.002600137862564055,0.0026001378625640547,0.7
elastic_net,q25_unittype,-0.0002194394112901728,0.0002194394112901728,0.2
elastic_net,q26_housing,-2.8255940215335668e-05,2.8255940215335668e-05,0.1
elastic_net,q27_minorchild,0.0,0.0,0.0
elastic_net,q28_hhsize,0.005568355824396837,0.005568355824396837,1.0
elastic_net,q29_foodexp,0.026835883500314912,0.026835883500314912,1.0
elastic_net,q30_medexp,0.0052103801870625535,0.0052103801870625535,1.0
elastic_net,q31_gotsubsidy,-0.003989124494194791,0.003989124494194791,1.0
elastic_net,q41_gender,-0.005925044601943465,0.005925044601943464,1.0
elastic_net,q42_age,0.0,0.0,0.0
elastic_net,q43_edu,0.0016902538773419177,0.0016902538773419177,0.6
elastic_net,q49_citytier,-0.00012398780006372617,0.00012398780006372617,0.2
elastic_net,type_food,-0.00038994659331240665,0.00038994659331240665,0.2
elastic_net,type_food__x__income_h,0.002292175269432345,0.002292175269432345,1.0
elastic_net,type_food__x__q01_lifesat,0.0,0.0,0.0
elastic_net,type_food__x__q02_safety,0.001911090168892491,0.001911090168892491,0.7
elastic_net,type_food__x__q03a_fair_dist,-0.0001442313412232768,0.0001442313412232768,0.1
elastic_net,type_food__x__q03b_fair_opp,0.0,0.0,0.0
elastic_net,type_food__x__q03c_fair_rule,0.0,0.0,0.0
elastic_net,type_food__x__q04_trust_gov,0.0,0.0,0.0
elastic_net,type_food__x__q05_trust_soc,0.0,0.0,0.0
elastic_net,type_food__x__q06_socsec,0.0,0.0,0.0
elastic_net,type_food__x__q07_emergfund,0.0,0.0,0.0
elastic_net,type_food__x__q08_support,0.0,0.0,0.0
elastic_net,type_food__x__q09_gain,0.0,0.0,0.0
elastic_net,type_food__x__q10_effort,-4.991267237405633e-05,4.991267237405633e-05,0.1
elastic_net,type_food__x__q11_mobility,-0.0003532397723700801,0.0003532397723700801,0.2
elastic_net,type_food__x__q12_voice,0.0,0.0,0.0
elastic_net,type_food__x__q13_pressure,0.0,0.0,0.0
elastic_net,type_food__x__q15_fut_self,0.0,0.0,0.0
elastic_net,type_food__x__q16_fut_society,0.00017367133151036186,0.00017367133151036186,0.1
elastic_net,type_food__x__q17a_fut_econ,0.0,0.0,0.0
elastic_net,type_food__x__q17b_fut_job,0.0,0.0,0.0
elastic_net,type_food__x__q17c_fut_price,0.0,0.0,0.0
elastic_net,type_food__x__q17d_fut_fair,0.0,0.0,0.0
elastic_net,type_food__x__q17e_fut_welfare,0.0004651285636012435,0.0004651285636012435,0.2
elastic_net,type_food__x__q18_ses_now,-0.000609483455713571,0.000609483455713571,0.2
elastic_net,type_food__x__q19_ses_past5,0.0,0.0,0.0
elastic_net,type_food__x__q20_ses_next1,-0.0005754943819743349,0.0005754943819743349,0.3
elastic_net,type_food__x__q21_order,0.0,0.0,0.0
elastic_net,type_food__x__q22_vitality,0.0,0.0,0.0
elastic_net,type_food__x__q23_hukou,0.0,0.0,0.0
elastic_net,type_food__x__q24_workstat,-0.003565759821753379,0.003565759821753379,1.0
elastic_net,type_food__x__q25_unittype,0.0,0.0,0.0
elastic_net,type_food__x__q26_housing,0.0,0.0,0.0
elastic_net,type_food__x__q27_minorchild,0.0026821714552001906,0.0026821714552001906,0.7
elastic_net,type_food__x__q28_hhsize,0.0,0.0,0.0
elastic_net,type_food__x__q29_foodexp,0.0005934534441403374,0.0005934534441403375,0.3
elastic_net,type_food__x__q30_medexp,0.0,0.0,0.0
elastic_net,type_food__x__q31_gotsubsidy,0.0,0.0,0.0
elastic_net,type_food__x__q41_gender,-0.00014949197026200997,0.00014949197026200997,0.2
elastic_net,type_food__x__q42_age,0.0,0.0,0.0
elastic_net,type_food__x__q43_edu,0.004654675584825356,0.004654675584825356,1.0
elastic_net,type_food__x__q49_citytier,0.0,0.0,0.0
elastic_net,type_medical,-0.013762228508786908,0.013762228508786912,1.0
elastic_net,type_medical__x__income_h,-0.002228238313763241,0.0022282383137632407,0.9
elastic_net,type_medical__x__q01_lifesat,0.0,0.0,0.0
elastic_net,type_medical__x__q02_safety,-6.919781417853393e-05,6.919781417853393e-05,0.1
elastic_net,type_medical__x__q03a_fair_dist,0.0,0.0,0.0
elastic_net,type_medical__x__q03b_fair_opp,0.0,0.0,0.0
elastic_net,type_medical__x__q03c_fair_rule,0.0,0.0,0.0
elastic_net,type_medical__x__q04_trust_gov,0.0,0.0,0.0
elastic_net,type_medical__x__q05_trust_soc,0.002336030522806529,0.002336030522806529,0.9
elastic_net,type_medical__x__q06_socsec,0.0,0.0,0.0
elastic_net,type_medical__x__q07_emergfund,0.0,0.0,0.0
elastic_net,type_medical__x__q08_support,0.0,0.0,0.0
elastic_net,type_medical__x__q09_gain,0.0,0.0,0.0
elastic_net,type_medical__x__q10_effort,0.0,0.0,0.0
elastic_net,type_medical__x__q11_mobility,0.0,0.0,0.0
elastic_net,type_medical__x__q12_voice,0.0,0.0,0.0
elastic_net,type_medical__x__q13_pressure,0.0005588763362159219,0.0005588763362159219,0.3
elastic_net,type_medical__x__q15_fut_self,0.0,0.0,0.0
elastic_net,type_medical__x__q16_fut_society,0.0,0.0,0.0
elastic_net,type_medical__x__q17a_fut_econ,0.0,0.0,0.0
elastic_net,type_medical__x__q17b_fut_job,0.0,0.0,0.0
elastic_net,type_medical__x__q17c_fut_price,9.314352973570701e-05,9.314352973570701e-05,0.1
elastic_net,type_medical__x__q17d_fut_fair,0.0,0.0,0.0
elastic_net,type_medical__x__q17e_fut_welfare,0.0,0.0,0.0
elastic_net,type_medical__x__q18_ses_now,0.0,0.0,0.0
elastic_net,type_medical__x__q19_ses_past5,0.0,0.0,0.0
elastic_net,type_medical__x__q20_ses_next1,0.0,0.0,0.0
elastic_net,type_medical__x__q21_order,0.00013368500113394632,0.00013368500113394632,0.3
elastic_net,type_medical__x__q22_vitality,-5.730344588089759e-06,5.730344588089759e-06,0.1
elastic_net,type_medical__x__q23_hukou,0.005910505602636069,0.0059105056026360694,1.0
elastic_net,type_medical__x__q24_workstat,0.0,0.0,0.0
elastic_net,type_medical__x__q25_unittype,6.397596460526282e-05,6.397596460526282e-05,0.1
elastic_net,type_medical__x__q26_housing,6.408091695593941e-05,6.408091695593941e-05,0.1
elastic_net,type_medical__x__q27_minorchild,0.00013513765161170786,0.00013513765161170786,0.1
elastic_net,type_medical__x__q28_hhsize,0.00043639300030741185,0.00043639300030741185,0.4
elastic_net,type_medical__x__q29_foodexp,-0.0010430902160092023,0.0010430902160092023,0.3
elastic_net,type_medical__x__q30_medexp,0.006326471865496336,0.006326471865496337,1.0
elastic_net,type_medical__x__q31_gotsubsidy,0.0,0.0,0.0
elastic_net,type_medical__x__q41_gender,0.0,0.0,0.0
elastic_net,type_medical__x__q42_age,0.0,0.0,0.0
elastic_net,type_medical__x__q43_edu,-0.0003202580224907046,0.0003202580224907046,0.2
elastic_net,type_medical__x__q49_citytier,3.180182222731271e-05,3.180182222731271e-05,0.1
lasso,amount_1000,-0.0002368843203978603,0.0002368843203978603,0.1
lasso,amount_1000__x__income_h,0.0005356035640827194,0.0005356035640827194,0.4
lasso,amount_1000__x__q01_lifesat,0.0,0.0,0.0
lasso,amount_1000__x__q02_safety,0.0009002704984181351,0.0009002704984181351,0.3
lasso,amount_1000__x__q03a_fair_dist,0.0,0.0,0.0
lasso,amount_1000__x__q03b_fair_opp,0.0,0.0,0.0
lasso,amount_1000__x__q03c_fair_rule,0.0,0.0,0.0
lasso,amount_1000__x__q04_trust_gov,0.0,0.0,0.0
lasso,amount_1000__x__q05_trust_soc,-3.113601065574929e-05,3.113601065574929e-05,0.1
lasso,amount_1000__x__q06_socsec,-4.711538562081787e-05,4.711538562081787e-05,0.1
lasso,amount_1000__x__q07_emergfund,0.00038003799611071334,0.00038003799611071334,0.3
lasso,amount_1000__x__q08_support,9.1233867520533e-05,9.1233867520533e-05,0.1
lasso,amount_1000__x__q09_gain,0.0,0.0,0.0
lasso,amount_1000__x__q10_effort,0.0,0.0,0.0
lasso,amount_1000__x__q11_mobility,0.0,0.0,0.0
lasso,amount_1000__x__q12_voice,-5.548230648769852e-05,5.548230648769852e-05,0.1
lasso,amount_1000__x__q13_pressure,0.0,0.0,0.0
lasso,amount_1000__x__q15_fut_self,-9.586158092966174e-05,9.586158092966174e-05,0.1
lasso,amount_1000__x__q16_fut_society,0.0,0.0,0.0
lasso,amount_1000__x__q17a_fut_econ,0.0,0.0,0.0
lasso,amount_1000__x__q17b_fut_job,0.0,0.0,0.0
lasso,amount_1000__x__q17c_fut_price,0.0,0.0,0.0
lasso,amount_1000__x__q17d_fut_fair,0.0,0.0,0.0
lasso,amount_1000__x__q17e_fut_welfare,0.0001027391061538769,0.0001027391061538769,0.1
lasso,amount_1000__x__q18_ses_now,0.0,0.0,0.0
lasso,amount_1000__x__q19_ses_past5,-3.542519701269167e-05,3.542519701269167e-05,0.1
lasso,amount_1000__x__q20_ses_next1,0.0,0.0,0.0
lasso,amount_1000__x__q21_order,0.0,0.0,0.0
lasso,amount_1000__x__q22_vitality,6.85796009422938e-06,6.85796009422938e-06,0.1
lasso,amount_1000__x__q23_hukou,8.005771838732457e-05,8.005771838732457e-05,0.1
lasso,amount_1000__x__q24_workstat,0.0,0.0,0.0
lasso,amount_1000__x__q25_unittype,0.0,0.0,0.0
lasso,amount_1000__x__q26_housing,0.0,0.0,0.0
lasso,amount_1000__x__q27_minorchild,0.0,0.0,0.0
lasso,amount_1000__x__q28_hhsize,0.0,0.0,0.0
lasso,amount_1000__x__q29_foodexp,0.0,0.0,0.0
lasso,amount_1000__x__q30_medexp,0.0001804320421627019,0.0001804320421627019,0.2
lasso,amount_1000__x__q31_gotsubsidy,-0.0030998087383256544,0.0030998087383256544,1.0
lasso,amount_1000__x__q41_gender,-0.0003538558059040119,0.0003538558059040119,0.3
lasso,amount_1000__x__q42_age,0.0,0.0,0.0
lasso,amount_1000__x__q43_edu,6.097656040085878e-05,6.097656040085878e-05,0.1
lasso,amount_1000__x__q49_citytier,0.0,0.0,0.0
lasso,amount_5000,-0.0037943936864057296,0.0037943936864057288,1.0
lasso,amount_5000__x__income_h,0.0,0.0,0.0
lasso,amount_5000__x__q01_lifesat,0.0,0.0,0.0
lasso,amount_5000__x__q02_safety,0.0002193048349204708,0.0002193048349204708,0.1
lasso,amount_5000__x__q03a_fair_dist,0.0,0.0,0.0
lasso,amount_5000__x__q03b_fair_opp,0.0,0.0,0.0
lasso,amount_5000__x__q03c_fair_rule,0.0,0.0,0.0
lasso,amount_5000__x__q04_trust_gov,0.0,0.0,0.0
lasso,amount_5000__x__q05_trust_soc,0.0,0.0,0.0
lasso,amount_5000__x__q06_socsec,0.0,0.0,0.0
lasso,amount_5000__x__q07_emergfund,0.0,0.0,0.0
lasso,amount_5000__x__q08_support,-0.00015687228413220028,0.00015687228413220028,0.2
lasso,amount_5000__x__q09_gain,0.0,0.0,0.0
lasso,amount_5000__x__q10_effort,0.0,0.0,0.0
lasso,amount_5000__x__q11_mobility,0.0,0.0,0.0
lasso,amount_5000__x__q12_voice,0.0,0.0,0.0
lasso,amount_5000__x__q13_pressure,0.0,0.0,0.0
lasso,amount_5000__x__q15_fut_self,0.0,0.0,0.0
lasso,amount_5000__x__q16_fut_society,0.0,0.0,0.0
lasso,amount_5000__x__q17a_fut_econ,0.0,0.0,0.0
lasso,amount_5000__x__q17b_fut_job,0.0,0.0,0.0
lasso,amount_5000__x__q17c_fut_price,0.0,0.0,0.0
lasso,amount_5000__x__q17d_fut_fair,0.0,0.0,0.0
lasso,amount_5000__x__q17e_fut_welfare,0.0,0.0,0.0
lasso,amount_5000__x__q18_ses_now,0.0,0.0,0.0
lasso,amount_5000__x__q19_ses_past5,0.0,0.0,0.0
lasso,amount_5000__x__q20_ses_next1,0.0,0.0,0.0
lasso,amount_5000__x__q21_order,3.189608735726018e-05,3.189608735726018e-05,0.1
lasso,amount_5000__x__q22_vitality,0.0,0.0,0.0
lasso,amount_5000__x__q23_hukou,0.0,0.0,0.0
lasso,amount_5000__x__q24_workstat,-0.0009524902971256688,0.0009524902971256688,0.6
lasso,amount_5000__x__q25_unittype,0.0,0.0,0.0
lasso,amount_5000__x__q26_housing,0.0,0.0,0.0
lasso,amount_5000__x__q27_minorchild,0.0,0.0,0.0
lasso,amount_5000__x__q28_hhsize,0.0016836237999123913,0.0016836237999123915,0.9
lasso,amount_5000__x__q29_foodexp,0.0002878913546322201,0.0002878913546322201,0.3
lasso,amount_5000__x__q30_medexp,0.0061207584380965135,0.0061207584380965135,1.0
lasso,amount_5000__x__q31_gotsubsidy,0.0,0.0,0.0
lasso,amount_5000__x__q41_gender,0.0,0.0,0.0
lasso,amount_5000__x__q42_age,0.0,0.0,0.0
lasso,amount_5000__x__q43_edu,0.00011228622723565823,0.00011228622723565823,0.1
lasso,amount_5000__x__q49_citytier,0.0,0.0,0.0
lasso,income_h,0.0028570631924144142,0.0028570631924144142,0.6
lasso,q01_lifesat,-0.0008232857910355866,0.0008232857910355866,0.3
lasso,q02_safety,0.0,0.0,0.0
lasso,q03a_fair_dist,0.0,0.0,0.0
lasso,q03b_fair_opp,0.0,0.0,0.0
lasso,q03c_fair_rule,0.0,0.0,0.0
lasso,q04_trust_gov,0.0,0.0,0.0
lasso,q05_trust_soc,0.0,0.0,0.0
lasso,q06_socsec,0.0,0.0,0.0
lasso,q07_emergfund,0.0,0.0,0.0
lasso,q08_support,0.0,0.0,0.0
lasso,q09_gain,0.0,0.0,0.0
lasso,q10_effort,0.0,0.0,0.0
lasso,q11_mobility,-0.0002358947958102507,0.0002358947958102507,0.2
lasso,q12_voice,0.0,0.0,0.0
lasso,q13_pressure,0.0,0.0,0.0
lasso,q15_fut_self,-0.00015185280792392262,0.00015185280792392262,0.1
lasso,q16_fut_society,0.0,0.0,0.0
lasso,q17a_fut_econ,0.0,0.0,0.0
lasso,q17b_fut_job,-0.0002335603074361868,0.0002335603074361868,0.1
lasso,q17c_fut_price,0.0,0.0,0.0
lasso,q17d_fut_fair,0.0,0.0,0.0
lasso,q17e_fut_welfare,0.0,0.0,0.0
lasso,q18_ses_now,-0.005012355306788482,0.005012355306788482,1.0
lasso,q19_ses_past5,-0.001666956614281245,0.001666956614281245,0.6
lasso,q20_ses_next1,-0.007436829529797758,0.007436829529797758,1.0
lasso,q21_order,0.005760238878981182,0.005760238878981182,0.9
lasso,q22_vitality,0.0,0.0,0.0
lasso,q23_hukou,0.0022892055228919696,0.0022892055228919696,0.7
lasso,q24_workstat,-0.002576989980132035,0.002576989980132035,0.7
lasso,q25_unittype,-0.00021960966592493705,0.00021960966592493705,0.2
lasso,q26_housing,0.0,0.0,0.0
lasso,q27_minorchild,0.0,0.0,0.0
lasso,q28_hhsize,0.005463805793639075,0.005463805793639075,1.0
lasso,q29_foodexp,0.027669541172998868,0.027669541172998875,1.0
lasso,q30_medexp,0.004888808652818939,0.004888808652818939,1.0
lasso,q31_gotsubsidy,-0.003845906093416472,0.003845906093416472,1.0
lasso,q41_gender,-0.0058658273776099265,0.005865827377609926,1.0
lasso,q42_age,0.0,0.0,0.0
lasso,q43_edu,0.0016820804238094529,0.0016820804238094529,0.5
lasso,q49_citytier,-0.00014404603477524878,0.00014404603477524878,0.2
lasso,type_food,-0.0002382158757603468,0.0002382158757603468,0.2
lasso,type_food__x__income_h,0.00209248073222811,0.0020924807322281105,1.0
lasso,type_food__x__q01_lifesat,0.0,0.0,0.0
lasso,type_food__x__q02_safety,0.0019133879519469172,0.0019133879519469175,0.8
lasso,type_food__x__q03a_fair_dist,-0.00017675796935662263,0.00017675796935662263,0.1
lasso,type_food__x__q03b_fair_opp,0.0,0.0,0.0
lasso,type_food__x__q03c_fair_rule,0.0,0.0,0.0
lasso,type_food__x__q04_trust_gov,0.0,0.0,0.0
lasso,type_food__x__q05_trust_soc,0.0,0.0,0.0
lasso,type_food__x__q06_socsec,0.0,0.0,0.0
lasso,type_food__x__q07_emergfund,0.0,0.0,0.0
lasso,type_food__x__q08_support,0.0,0.0,0.0
lasso,type_food__x__q09_gain,0.0,0.0,0.0
lasso,type_food__x__q10_effort,0.0,0.0,0.0
lasso,type_food__x__q11_mobility,-0.00037351337356477537,0.00037351337356477537,0.2
lasso,type_food__x__q12_voice,0.0,0.0,0.0
lasso,type_food__x__q13_pressure,0.0,0.0,0.0
lasso,type_food__x__q15_fut_self,0.0,0.0,0.0
lasso,type_food__x__q16_fut_society,0.00017035325841915767,0.00017035325841915767,0.1
lasso,type_food__x__q17a_fut_econ,0.0,0.0,0.0
lasso,type_food__x__q17b_fut_job,0.0,0.0,0.0
lasso,type_food__x__q17c_fut_price,0.0,0.0,0.0
lasso,type_food__x__q17d_fut_fair,0.0,0.0,0.0
lasso,type_food__x__q17e_fut_welfare,0.000534195267923811,0.000534195267923811,0.2
lasso,type_food__x__q18_ses_now,-0.0006616579457321993,0.0006616579457321993,0.2
lasso,type_food__x__q19_ses_past5,0.0,0.0,0.0
lasso,type_food__x__q20_ses_next1,-0.0004549391504440908,0.0004549391504440908,0.2
lasso,type_food__x__q21_order,0.0,0.0,0.0
lasso,type_food__x__q22_vitality,0.0,0.0,0.0
lasso,type_food__x__q23_hukou,0.0,0.0,0.0
lasso,type_food__x__q24_workstat,-0.0033612545852239675,0.0033612545852239675,1.0
lasso,type_food__x__q25_unittype,0.0,0.0,0.0
lasso,type_food__x__q26_housing,0.0,0.0,0.0
lasso,type_food__x__q27_minorchild,0.002485622429652662,0.0024856224296526622,0.9
lasso,type_food__x__q28_hhsize,0.0,0.0,0.0
lasso,type_food__x__q29_foodexp,0.00034471203821282164,0.0003447120382128216,0.2
lasso,type_food__x__q30_medexp,0.0,0.0,0.0
lasso,type_food__x__q31_gotsubsidy,0.0,0.0,0.0
lasso,type_food__x__q41_gender,-0.00013705744021697656,0.00013705744021697656,0.1
lasso,type_food__x__q42_age,0.0,0.0,0.0
lasso,type_food__x__q43_edu,0.004624452965895361,0.004624452965895362,1.0
lasso,type_food__x__q49_citytier,0.0,0.0,0.0
lasso,type_medical,-0.013744906252647168,0.013744906252647172,1.0
lasso,type_medical__x__income_h,-0.002390581754172801,0.002390581754172801,0.7
lasso,type_medical__x__q01_lifesat,0.0,0.0,0.0
lasso,type_medical__x__q02_safety,-8.192360583446561e-05,8.192360583446561e-05,0.1
lasso,type_medical__x__q03a_fair_dist,0.0,0.0,0.0
lasso,type_medical__x__q03b_fair_opp,0.0,0.0,0.0
lasso,type_medical__x__q03c_fair_rule,0.0,0.0,0.0
lasso,type_medical__x__q04_trust_gov,0.0,0.0,0.0
lasso,type_medical__x__q05_trust_soc,0.0023032443707368044,0.0023032443707368044,0.8
lasso,type_medical__x__q06_socsec,0.0,0.0,0.0
lasso,type_medical__x__q07_emergfund,0.0,0.0,0.0
lasso,type_medical__x__q08_support,0.0,0.0,0.0
lasso,type_medical__x__q09_gain,0.0,0.0,0.0
lasso,type_medical__x__q10_effort,0.0,0.0,0.0
lasso,type_medical__x__q11_mobility,0.0,0.0,0.0
lasso,type_medical__x__q12_voice,0.0,0.0,0.0
lasso,type_medical__x__q13_pressure,0.0006428944481385445,0.0006428944481385445,0.3
lasso,type_medical__x__q15_fut_self,0.0,0.0,0.0
lasso,type_medical__x__q16_fut_society,0.0,0.0,0.0
lasso,type_medical__x__q17a_fut_econ,0.0,0.0,0.0
lasso,type_medical__x__q17b_fut_job,0.0,0.0,0.0
lasso,type_medical__x__q17c_fut_price,0.00010169474858411252,0.00010169474858411252,0.1
lasso,type_medical__x__q17d_fut_fair,0.0,0.0,0.0
lasso,type_medical__x__q17e_fut_welfare,0.0,0.0,0.0
lasso,type_medical__x__q18_ses_now,0.0,0.0,0.0
lasso,type_medical__x__q19_ses_past5,0.0,0.0,0.0
lasso,type_medical__x__q20_ses_next1,0.0,0.0,0.0
lasso,type_medical__x__q21_order,0.00010023931205047126,0.00010023931205047126,0.1
lasso,type_medical__x__q22_vitality,-2.9474213658782933e-05,2.9474213658782933e-05,0.1
lasso,type_medical__x__q23_hukou,0.0058155936677157325,0.0058155936677157325,1.0
lasso,type_medical__x__q24_workstat,0.0,0.0,0.0
lasso,type_medical__x__q25_unittype,6.878326480321482e-05,6.878326480321482e-05,0.1
lasso,type_medical__x__q26_housing,7.24533594483507e-05,7.24533594483507e-05,0.1
lasso,type_medical__x__q27_minorchild,0.00014657491106249518,0.00014657491106249518,0.1
lasso,type_medical__x__q28_hhsize,0.0003645236051005577,0.0003645236051005577,0.3
lasso,type_medical__x__q29_foodexp,-0.0012733240740248736,0.0012733240740248736,0.3
lasso,type_medical__x__q30_medexp,0.0063490778190074286,0.0063490778190074286,1.0
lasso,type_medical__x__q31_gotsubsidy,0.0,0.0,0.0
lasso,type_medical__x__q41_gender,0.0,0.0,0.0
lasso,type_medical__x__q42_age,0.0,0.0,0.0
lasso,type_medical__x__q43_edu,-0.0003708222644104171,0.0003708222644104171,0.2
lasso,type_medical__x__q49_citytier,6.039768821627474e-05,6.039768821627474e-05,0.1
ridge,amount_1000,-0.004694365996118334,0.004694365996118334,1.0
ridge,amount_1000__x__income_h,0.0028647544504674964,0.002873288741316877,1.0
ridge,amount_1000__x__q01_lifesat,-0.0023405578891727194,0.0025435561084220727,1.0
ridge,amount_1000__x__q02_safety,0.0049835388532949885,0.0049835388532949885,1.0
ridge,amount_1000__x__q03a_fair_dist,0.0018790513968516237,0.0019504081172732127,1.0
ridge,amount_1000__x__q03b_fair_opp,0.004109528676364016,0.004109528676364016,1.0
ridge,amount_1000__x__q03c_fair_rule,0.0010015842566743522,0.0015040560393786739,1.0
ridge,amount_1000__x__q04_trust_gov,-0.0025492399353074825,0.0025492399353074825,1.0
ridge,amount_1000__x__q05_trust_soc,-0.0064116985238433,0.0064116985238433,1.0
ridge,amount_1000__x__q06_socsec,-0.005874601384004701,0.005874601384004701,1.0
ridge,amount_1000__x__q07_emergfund,0.005841487990148038,0.005841487990148038,1.0
ridge,amount_1000__x__q08_support,0.005011378717215801,0.005011378717215801,1.0
ridge,amount_1000__x__q09_gain,-0.0008984310391250648,0.00130453801510684,1.0
ridge,amount_1000__x__q10_effort,-0.0010210277699345626,0.0010888074876651836,1.0
ridge,amount_1000__x__q11_mobility,-0.004501376479953365,0.004501376479953365,1.0
ridge,amount_1000__x__q12_voice,-0.0017842419684632952,0.0021181628529068153,1.0
ridge,amount_1000__x__q13_pressure,0.0017177597637133772,0.0020650315818784223,1.0
ridge,amount_1000__x__q15_fut_self,-0.0015300506140285388,0.0018948484567184783,1.0
ridge,amount_1000__x__q16_fut_society,0.0003585557801452239,0.0014490979935932818,1.0
ridge,amount_1000__x__q17a_fut_econ,-0.0006124943084263641,0.0010494196093064213,1.0
ridge,amount_1000__x__q17b_fut_job,-0.002202411924471921,0.0022024119244719205,1.0
ridge,amount_1000__x__q17c_fut_price,-2.569062095343286e-06,0.0011276281044940556,1.0
ridge,amount_1000__x__q17d_fut_fair,-0.00018132089084064822,0.0014635458771731346,1.0
ridge,amount_1000__x__q17e_fut_welfare,0.005053864252889305,0.005053864252889305,1.0
ridge,amount_1000__x__q18_ses_now,0.0012449593229086925,0.0014242244496682744,1.0
ridge,amount_1000__x__q19_ses_past5,-0.004206458851055518,0.004229788293965771,1.0
ridge,amount_1000__x__q20_ses_next1,0.0012064883497094603,0.001448255459351883,1.0
ridge,amount_1000__x__q21_order,0.0038964408850446835,0.0038964408850446835,1.0
ridge,amount_1000__x__q22_vitality,0.0011068858914334734,0.0016674611234841704,1.0
ridge,amount_1000__x__q23_hukou,0.0018740847747886775,0.001874084774788677,1.0
ridge,amount_1000__x__q24_workstat,-0.0005852898801914178,0.001550688766871939,1.0
ridge,amount_1000__x__q25_unittype,0.001758661140551053,0.0018809197514850586,1.0
ridge,amount_1000__x__q26_housing,0.0010352618850825923,0.0014253171155468318,1.0
ridge,amount_1000__x__q27_minorchild,0.0009609004344784617,0.001264099156543028,1.0
ridge,amount_1000__x__q28_hhsize,0.001978447762017334,0.002575850673450197,1.0
ridge,amount_1000__x__q29_foodexp,0.0017259621690253863,0.001943665254237088,1.0
ridge,amount_1000__x__q30_medexp,0.003027899578069035,0.003330205398969396,1.0
ridge,amount_1000__x__q31_gotsubsidy,-0.005862081482082739,0.00586208148208274,1.0
ridge,amount_1000__x__q41_gender,-0.0021534738378015806,0.0021713260306251646,1.0
ridge,amount_1000__x__q42_age,-0.00018407985684601962,0.0011498141771259511,1.0
ridge,amount_1000__x__q43_edu,0.0016747551993967034,0.0016747551993967034,1.0
ridge,amount_1000__x__q49_citytier,0.002616410250226945,0.002836108298538628,1.0
ridge,amount_5000,-0.00895154941180597,0.00895154941180597,1.0
ridge,amount_5000__x__income_h,0.001987900048897179,0.0019900898596990273,1.0
ridge,amount_5000__x__q01_lifesat,-0.0021791941971150133,0.002372300905989394,1.0
ridge,amount_5000__x__q02_safety,0.0015035940235909426,0.0020054451084162307,1.0
ridge,amount_5000__x__q03a_fair_dist,0.0006397829959519481,0.001175283420421118,1.0
ridge,amount_5000__x__q03b_fair_opp,-0.001077973919065355,0.0016976178884633097,1.0
ridge,amount_5000__x__q03c_fair_rule,-0.0006417813575838165,0.001340959212711605,1.0
ridge,amount_5000__x__q04_trust_gov,0.001929003236019261,0.001929003236019261,1.0
ridge,amount_5000__x__q05_trust_soc,0.000901911069261964,0.0013653382239488692,1.0
ridge,amount_5000__x__q06_socsec,0.0021079984502987777,0.002511035453117933,1.0
ridge,amount_5000__x__q07_emergfund,0.00017794507608243204,0.0011775648962187148,1.0
ridge,amount_5000__x__q08_support,-0.005517229947839966,0.005517229947839966,1.0
ridge,amount_5000__x__q09_gain,-0.0033152251992284464,0.0033152251992284464,1.0
ridge,amount_5000__x__q10_effort,0.0015904456461109928,0.0018386372556412924,1.0
ridge,amount_5000__x__q11_mobility,-0.000910103874307847,0.0012943176412343218,1.0
ridge,amount_5000__x__q12_voice,0.0014302743162991672,0.0016528303858359765,1.0
ridge,amount_5000__x__q13_pressure,-0.002881574693856079,0.002900051098119401,1.0
ridge,amount_5000__x__q15_fut_self,-0.002462113219135935,0.002462113219135935,1.0
ridge,amount_5000__x__q16_fut_society,0.001985881598063643,0.001985881598063643,1.0
ridge,amount_5000__x__q17a_fut_econ,0.003142390845226317,0.0034436655652890337,1.0
ridge,amount_5000__x__q17b_fut_job,-0.0013109531982889258,0.0015515376849460543,1.0
ridge,amount_5000__x__q17c_fut_price,-0.0007611092361297459,0.0012437634422151204,1.0
ridge,amount_5000__x__q17d_fut_fair,-0.0027136742584686633,0.0027136742584686633,1.0
ridge,amount_5000__x__q17e_fut_welfare,0.003739347274078285,0.0037678008551791002,1.0
ridge,amount_5000__x__q18_ses_now,0.0017529220920606283,0.0017529220920606283,1.0
ridge,amount_5000__x__q19_ses_past5,0.0010571344152464509,0.0011683895935645449,1.0
ridge,amount_5000__x__q20_ses_next1,-0.0020399848582915605,0.002045734123556089,1.0
ridge,amount_5000__x__q21_order,0.0041992150770849175,0.0041992150770849175,1.0
ridge,amount_5000__x__q22_vitality,-0.00038920836620665104,0.000965722062530398,1.0
ridge,amount_5000__x__q23_hukou,0.002248400376228039,0.002248400376228039,1.0
ridge,amount_5000__x__q24_workstat,-0.0034542722626077346,0.0034542722626077346,1.0
ridge,amount_5000__x__q25_unittype,0.001984288968236098,0.0022233305237672973,1.0
ridge,amount_5000__x__q26_housing,0.002570654435027369,0.002570654435027369,1.0
ridge,amount_5000__x__q27_minorchild,-0.002063165999312518,0.002063165999312518,1.0
ridge,amount_5000__x__q28_hhsize,0.004697889150171784,0.004697889150171784,1.0
ridge,amount_5000__x__q29_foodexp,0.003445977084484938,0.003445977084484938,1.0
ridge,amount_5000__x__q30_medexp,0.007486420742531702,0.007486420742531702,1.0
ridge,amount_5000__x__q31_gotsubsidy,-0.001709370178353586,0.001709370178353586,1.0
ridge,amount_5000__x__q41_gender,-0.0016478652065881662,0.0017359727704539033,1.0
ridge,amount_5000__x__q42_age,-0.0015135821431661108,0.0016238403577716303,1.0
ridge,amount_5000__x__q43_edu,0.0012658044466885745,0.0021125304178548944,1.0
ridge,amount_5000__x__q49_citytier,-0.0009642667398458548,0.0013903917202864888,1.0
ridge,income_h,0.004794178162103437,0.004794178162103437,1.0
ridge,q01_lifesat,-0.003471776966083602,0.003471776966083602,1.0
ridge,q02_safety,0.0015585929920790514,0.0017410794541998138,1.0
ridge,q03a_fair_dist,-0.0010227091759003886,0.0011816203106340308,1.0
ridge,q03b_fair_opp,-0.0019120674301185275,0.0019900212786265244,1.0
ridge,q03c_fair_rule,-0.0003897120027739607,0.000636676874437521,1.0
ridge,q04_trust_gov,-0.0027667882163796404,0.0027667882163796404,1.0
ridge,q05_trust_soc,0.0006533437329977718,0.0011786554594005036,1.0
ridge,q06_socsec,-0.00336944050496097,0.00336944050496097,1.0
ridge,q07_emergfund,-0.0014307272616952184,0.001820196731493686,1.0
ridge,q08_support,0.0028890707964982017,0.002889070796498202,1.0
ridge,q09_gain,0.006086588874818861,0.006086588874818861,1.0
ridge,q10_effort,-0.0027682322860182423,0.0028334210806995404,1.0
ridge,q11_mobility,-0.005215469445296051,0.005215469445296052,1.0
ridge,q12_voice,0.003339002950951729,0.003339002950951729,1.0
ridge,q13_pressure,0.0009491974801542966,0.0015394750022076644,1.0
ridge,q15_fut_self,-0.0019095396316162825,0.0019095396316162825,1.0
ridge,q16_fut_society,0.007246940720705602,0.007246940720705602,1.0
ridge,q17a_fut_econ,-0.0020926561916959656,0.0020926561916959656,1.0
ridge,q17b_fut_job,-0.005077531271069294,0.005077531271069294,1.0
ridge,q17c_fut_price,-0.004687510358261282,0.004687510358261282,1.0
ridge,q17d_fut_fair,-0.002489080469755302,0.002494062489918378,1.0
ridge,q17e_fut_welfare,0.0006855187324279705,0.0010970316395549446,1.0
ridge,q18_ses_now,-0.0052473499583458975,0.005247349958345898,1.0
ridge,q19_ses_past5,-0.004354846902491525,0.004354846902491524,1.0
ridge,q20_ses_next1,-0.006900595191091942,0.006900595191091942,1.0
ridge,q21_order,0.008435554628519555,0.008435554628519557,1.0
ridge,q22_vitality,0.0049744616516921615,0.0049744616516921615,1.0
ridge,q23_hukou,0.004365788987473798,0.004365788987473798,1.0
ridge,q24_workstat,-0.005038269766729357,0.005038269766729357,1.0
ridge,q25_unittype,-0.003038961812206184,0.003038961812206184,1.0
ridge,q26_housing,-0.0045597504161550406,0.0045597504161550406,1.0
ridge,q27_minorchild,-0.0007431413246723268,0.001768303853575584,1.0
ridge,q28_hhsize,0.006623968978099137,0.006623968978099137,1.0
ridge,q29_foodexp,0.020572585466023287,0.020572585466023287,1.0
ridge,q30_medexp,0.00488803051718101,0.00488803051718101,1.0
ridge,q31_gotsubsidy,-0.006247898978837374,0.006247898978837374,1.0
ridge,q41_gender,-0.005065787974327425,0.005065787974327425,1.0
ridge,q42_age,0.002524590993281967,0.002524590993281967,1.0
ridge,q43_edu,0.004928749844992945,0.004928749844992945,1.0
ridge,q49_citytier,-0.004969999775697293,0.004969999775697293,1.0
ridge,type_food,-0.004474192732109119,0.004474192732109119,1.0
ridge,type_food__x__income_h,0.002971472473727001,0.002971472473727001,1.0
ridge,type_food__x__q01_lifesat,0.0014991305093682193,0.0019030562346526183,1.0
ridge,type_food__x__q02_safety,0.003861264015795631,0.003861264015795632,1.0
ridge,type_food__x__q03a_fair_dist,-0.0020639024493871805,0.002252607705799424,1.0
ridge,type_food__x__q03b_fair_opp,-0.0006471704383382605,0.001012267498059385,1.0
ridge,type_food__x__q03c_fair_rule,-9.195747053236713e-05,0.0016781419527858526,1.0
ridge,type_food__x__q04_trust_gov,-0.0019653666801252743,0.0023806197664234703,1.0
ridge,type_food__x__q05_trust_soc,-0.002303172828351507,0.0024219972639764713,1.0
ridge,type_food__x__q06_socsec,8.188519461867334e-05,0.0012313678855002982,1.0
ridge,type_food__x__q07_emergfund,0.0008226465567452903,0.0015418067012765986,1.0
ridge,type_food__x__q08_support,0.0028589121187414046,0.00289024739243251,1.0
ridge,type_food__x__q09_gain,0.0015958821631053399,0.0018574114793806207,1.0
ridge,type_food__x__q10_effort,-0.002422354657805265,0.0024223546578052645,1.0
ridge,type_food__x__q11_mobility,-0.003975225529675037,0.003975225529675037,1.0
ridge,type_food__x__q12_voice,-0.0016355149480821968,0.001954856861614485,1.0
ridge,type_food__x__q13_pressure,0.0008760124202019097,0.0011547052678539625,1.0
ridge,type_food__x__q15_fut_self,0.00037702603048532746,0.0016617759488767245,1.0
ridge,type_food__x__q16_fut_society,0.005109623904040937,0.0051096239040409365,1.0
ridge,type_food__x__q17a_fut_econ,0.002346325735949807,0.002346325735949807,1.0
ridge,type_food__x__q17b_fut_job,-0.0023559944142433707,0.0023559944142433707,1.0
ridge,type_food__x__q17c_fut_price,0.0030203917603902433,0.0030203917603902437,1.0
ridge,type_food__x__q17d_fut_fair,0.003323821100426555,0.0033326291386881956,1.0
ridge,type_food__x__q17e_fut_welfare,0.007758279437651033,0.007758279437651033,1.0
ridge,type_food__x__q18_ses_now,-0.00262108689576541,0.0027668735259022857,1.0
ridge,type_food__x__q19_ses_past5,-0.0014135488349838676,0.0015678890852227254,1.0
ridge,type_food__x__q20_ses_next1,-0.004958868594282225,0.004958868594282225,1.0
ridge,type_food__x__q21_order,-0.0018757955397464248,0.001956870979156594,1.0
ridge,type_food__x__q22_vitality,-0.0016750950296278786,0.0016750950296278786,1.0
ridge,type_food__x__q23_hukou,-0.0035255619455582545,0.0035255619455582545,1.0
ridge,type_food__x__q24_workstat,-0.004484761344609171,0.004484761344609171,1.0
ridge,type_food__x__q25_unittype,0.0011577583634163678,0.0013712440089234579,1.0
ridge,type_food__x__q26_housing,-0.0016875768018184076,0.002092426132718668,1.0
ridge,type_food__x__q27_minorchild,0.007880719596760056,0.007880719596760056,1.0
ridge,type_food__x__q28_hhsize,-0.00039217197156839786,0.0014664457539802272,1.0
ridge,type_food__x__q29_foodexp,0.0053056960500507105,0.0053056960500507105,1.0
ridge,type_food__x__q30_medexp,-0.0018840142390198732,0.002024939659529826,1.0
ridge,type_food__x__q31_gotsubsidy,0.0007329500849317255,0.0010890590289093956,1.0
ridge,type_food__x__q41_gender,-0.002123817917184577,0.0021238179171845766,1.0
ridge,type_food__x__q42_age,-0.0011843199397335604,0.0015724623058694875,1.0
ridge,type_food__x__q43_edu,0.0036804231238123262,0.0036804231238123262,1.0
ridge,type_food__x__q49_citytier,0.0014238661234651391,0.0017981150434189601,1.0
ridge,type_medical,-0.01709004608033832,0.01709004608033832,1.0
ridge,type_medical__x__income_h,-0.0072699584991081714,0.00726995849910817,1.0
ridge,type_medical__x__q01_lifesat,-0.0007381606888252987,0.0015986430450098041,1.0
ridge,type_medical__x__q02_safety,-0.004532624418917761,0.004532624418917761,1.0
ridge,type_medical__x__q03a_fair_dist,0.007069192414479628,0.007069192414479628,1.0
ridge,type_medical__x__q03b_fair_opp,0.0008324490280836837,0.0010491345758329186,1.0
ridge,type_medical__x__q03c_fair_rule,-0.004063875563363288,0.004063875563363288,1.0
ridge,type_medical__x__q04_trust_gov,-0.0034590614112607063,0.0034590614112607063,1.0
ridge,type_medical__x__q05_trust_soc,0.010783269182143873,0.010783269182143874,1.0
ridge,type_medical__x__q06_socsec,-0.0008796270376226076,0.0013359830397263947,1.0
ridge,type_medical__x__q07_emergfund,0.0006427871785048545,0.0013586407618588008,1.0
ridge,type_medical__x__q08_support,-0.004295546161710126,0.004295546161710126,1.0
ridge,type_medical__x__q09_gain,0.0009205822859684354,0.001307654274291988,1.0
ridge,type_medical__x__q10_effort,-0.0023020056099785314,0.002302005609978531,1.0
ridge,type_medical__x__q11_mobility,0.004828810651175396,0.004828810651175396,1.0
ridge,type_medical__x__q12_voice,0.0017447409246404322,0.0019706289596761522,1.0
ridge,type_medical__x__q13_pressure,0.007509530722550009,0.007509530722550009,1.0
ridge,type_medical__x__q15_fut_self,-0.0006728505693929004,0.0016884128187778977,1.0
ridge,type_medical__x__q16_fut_society,-0.0059528079231529205,0.0059528079231529205,1.0
ridge,type_medical__x__q17a_fut_econ,-0.0051257164517266845,0.0051257164517266845,1.0
ridge,type_medical__x__q17b_fut_job,0.003574573162034847,0.0035745731620348475,1.0
ridge,type_medical__x__q17c_fut_price,0.007302683799063918,0.007302683799063918,1.0
ridge,type_medical__x__q17d_fut_fair,0.003413867514477138,0.003413867514477138,1.0
ridge,type_medical__x__q17e_fut_welfare,-0.0008855540150271791,0.0015206915943320467,1.0
ridge,type_medical__x__q18_ses_now,-0.004593723941033915,0.004593723941033916,1.0
ridge,type_medical__x__q19_ses_past5,0.0010182576671658838,0.0011514805719193256,1.0
ridge,type_medical__x__q20_ses_next1,-0.0018568318598310477,0.0018881974995817337,1.0
ridge,type_medical__x__q21_order,0.004774366859759509,0.004774366859759508,1.0
ridge,type_medical__x__q22_vitality,-0.005756237403767748,0.005756237403767749,1.0
ridge,type_medical__x__q23_hukou,0.00886221719224151,0.00886221719224151,1.0
ridge,type_medical__x__q24_workstat,0.0021213398360368503,0.0022845786503769812,1.0
ridge,type_medical__x__q25_unittype,0.001948163541782406,0.0019843430200077337,1.0
ridge,type_medical__x__q26_housing,0.003796455662848699,0.003796455662848699,1.0
ridge,type_medical__x__q27_minorchild,0.002837297094106351,0.003019085253103249,1.0
ridge,type_medical__x__q28_hhsize,0.0022841420157973095,0.0023999454244366504,1.0
ridge,type_medical__x__q29_foodexp,-0.0033707311189456876,0.0033707311189456876,1.0
ridge,type_medical__x__q30_medexp,0.009057001464326355,0.009057001464326355,1.0
ridge,type_medical__x__q31_gotsubsidy,0.0003251018653432699,0.001012968643759951,1.0
ridge,type_medical__x__q41_gender,-0.001921684741731377,0.001921684741731377,1.0
ridge,type_medical__x__q42_age,-0.0016021975260492097,0.002135595602135409,1.0
ridge,type_medical__x__q43_edu,-0.004719733917972846,0.004719733917972846,1.0
ridge,type_medical__x__q49_citytier,0.004820365915746988,0.004820365915746989,1.0
