feature_set,model,fold,r2,rmse
O,ridge,0,0.03945286128323311,0.25959639526284234
O,ridge,1,0.055361017478224195,0.24687359245200427
O,ridge,2,0.033020360841132024,0.2414397709540297
O,ridge,3,0.022681772693913693,0.24963106341272584
O,ridge,4,0.03566646913630778,0.26422854074370816
O,ridge,5,0.03227948162143757,0.25297036144862206
O,ridge,6,0.03353695605989626,0.2559666217714477
O,ridge,7,0.047729949483411915,0.2483935368235454
O,ridge,8,0.03662210271532729,0.25678828479138216
O,ridge,9,0.034327646600057604,0.2486258383296067
O,random_forest,0,0.052433323550804656,0.25783638641190704
O,random_forest,1,0.0740036335599783,0.24442540658389628
O,random_forest,2,0.03620527292819897,0.24104183151592296
O,random_forest,3,0.01935836126070989,0.2500551436194773
O,random_forest,4,0.027326491504214845,0.26536866290457056
O,random_forest,5,0.048175719994943966,0.2508840524446403
O,random_forest,6,0.039124924146359374,0.25522556559589354
O,random_forest,7,0.061556220086373514,0.24658369639337166
O,random_forest,8,0.0490413292223274,0.2551277439765911
O,random_forest,9,0.04049769604890596,0.24783028280149594
O,hist_gradient_boosting,0,0.011554246970989501,0.26333933597595693
O,hist_gradient_boosting,1,0.0016505192843843108,0.25379496573186044
O,hist_gradient_boosting,2,-0.006029949457983186,0.24626664879857166
O,hist_gradient_boosting,3,-0.056363457454489785,0.2595298478804575
O,hist_gradient_boosting,4,-0.018964651607660032,0.2716099349562872
O,hist_gradient_boosting,5,0.027729345530012273,0.2535643861118361
O,hist_gradient_boosting,6,0.002818589428441709,0.2600026639019924
O,hist_gradient_boosting,7,0.025148951297753297,0.2513213362223773
O,hist_gradient_boosting,8,0.0021632201254860872,0.26134044201472434
O,hist_gradient_boosting,9,-0.002140505321017727,0.25327695109461684
S,ridge,0,0.0017124242017323432,0.2646471060706126
S,ridge,1,0.005217768957209046,0.2533411365811996
S,ridge,2,0.001765336611865953,0.24531068708924914
S,ridge,3,0.00832560114730374,0.25145783862512394
S,ridge,4,0.002701825370915345,0.2687067674682733
S,ridge,5,0.007936417703411025,0.2561323418189502
S,ridge,6,-0.0007500807907760976,0.2604674916084147
S,ridge,7,0.0022243096898966197,0.25425920679982683
S,ridge,8,0.007994481969175626,0.2605756989454374
S,ridge,9,-0.0015711521690562336,0.25320499286251635
S,random_forest,0,-0.007479096763137072,0.26586265553169913
S,random_forest,1,0.0047021190561641335,0.25340678834068225
S,random_forest,2,-0.01709096956443834,0.24761676463658894
S,random_forest,3,0.010314490198056636,0.25120555180915455
S,random_forest,4,0.006733783183357711,0.2681630426195274
S,random_forest,5,0.001342507008372018,0.2569821445416312
S,random_forest,6,-0.012674732301086289,0.2620147241994079
S,random_forest,7,0.004129617585331258,0.25401632978487276
S,random_forest,8,0.013238068209847409,0.2598861052424277
S,random_forest,9,-0.009090040514228015,0.25415363259509216
S,hist_gradient_boosting,0,-0.060735676855410814,0.27279908188320096
S,hist_gradient_boosting,1,-0.07827560462420102,0.263758579275849
S,hist_gradient_boosting,2,-0.10799043209003023,0.2584450096165441
S,hist_gradient_boosting,3,-0.06877828776098216,0.2610504455441706
S,hist_gradient_boosting,4,-0.056329060537792186,0.276544933462836
S,hist_gradient_boosting,5,-0.0812271436975387,0.2673949103416073
S,hist_gradient_boosting,6,-0.06919196049545051,0.2692269634998623
S,hist_gradient_boosting,7,-0.06966502549884068,0.2632595450970631
S,hist_gradient_boosting,8,-0.042505551144407905,0.26712593511293864
S,hist_gradient_boosting,9,-0.07739692535618414,0.26261481799112213
A,ridge,0,0.00021089487153025388,0.2648460598041053
A,ridge,1,0.0008971220143099146,0.25389070994674734
A,ridge,2,-0.0010571015880385115,0.24565724164213545
A,ridge,3,-0.0016837767453443675,0.25272368619874286
A,ridge,4,0.0029723176350799907,0.26867032499158167
A,ridge,5,0.004393396053185117,0.25658930529100543
A,ridge,6,0.0005025806142124889,0.2603044240521612
A,ridge,7,-0.0005408382729394923,0.2546112788665435
A,ridge,8,-0.002724410711338665,0.2619797125238441
A,ridge,9,-2.9613772265513205e-05,0.25301006136765464
A,random_forest,0,-0.004661047666338458,0.26549056907115026
A,random_forest,1,0.009714113840044503,0.25276794619955556
A,random_forest,2,-0.005639039819036906,0.24621879865242613
A,random_forest,3,-0.00940161373191728,0.2536954188035359
A,random_forest,4,0.005139558177473802,0.26837816159553185
A,random_forest,5,0.003964195404674187,0.2566446064658992
A,random_forest,6,0.004630977973611228,0.25976627754633286
A,random_forest,7,0.011634402420724999,0.253057398268512
A,random_forest,8,-0.008549285643023596,0.26273953711108267
A,random_forest,9,-0.00657713441447183,0.25383697982115117
A,hist_gradient_boosting,0,-0.12708709620800263,0.2812017733039818
A,hist_gradient_boosting,1,-0.029003986480611088,0.25766191701863905
A,hist_gradient_boosting,2,-0.09842817787848945,0.2573273681753908
A,hist_gradient_boosting,3,-0.1292938061571236,0.26833918759143865
A,hist_gradient_boosting,4,-0.06405162074148962,0.2775539683866698
A,hist_gradient_boosting,5,-0.07814857028928168,0.2670139627901221
A,hist_gradient_boosting,6,-0.06958087084502473,0.26927592366635517
A,hist_gradient_boosting,7,-0.051984533316059345,0.26107477106297944
A,hist_gradient_boosting,8,-0.07286889671069852,0.27098808434069444
A,hist_gradient_boosting,9,-0.10711268467407442,0.2662117834050841
ALL,ridge,0,0.039822987856558245,0.25954637544701215
ALL,ridge,1,0.05863983742980583,0.24644477377304128
ALL,ridge,2,0.03758569537990508,0.24086915014716143
ALL,ridge,3,0.02869542920551571,0.24886186057905701
ALL,ridge,4,0.047601367412809514,0.2625883618995396
ALL,ridge,5,0.04402769544529672,0.25143013111057005
ALL,ridge,6,0.03517494149660827,0.2557496205114441
ALL,ridge,7,0.052230824874197834,0.24780582931234119
ALL,ridge,8,0.04220481382810881,0.2560431681956543
ALL,ridge,9,0.03257939717482483,0.24885079218099582
ALL,random_forest,0,0.0497731710913053,0.25819805140584673
ALL,random_forest,1,0.07975972906015028,0.24366453468776836
ALL,random_forest,2,0.04573784757494148,0.23984683686161207
ALL,random_forest,3,0.02890067606075908,0.2488355656276945
ALL,random_forest,4,0.04286481579441226,0.2632405156949629
ALL,random_forest,5,0.05032311185352045,0.25060088537799124
ALL,random_forest,6,0.03815142831830143,0.25535482179698804
ALL,random_forest,7,0.066513067524827,0.2459316082872786
ALL,random_forest,8,0.052841618609069885,0.25461745373818634
ALL,random_forest,9,0.034563896989687204,0.24859542348758007
ALL,hist_gradient_boosting,0,0.025524276831150883,0.2614717829605989
ALL,hist_gradient_boosting,1,0.04565034290303549,0.24813925037941048
ALL,hist_gradient_boosting,2,-0.022449878597896822,0.2482682365601401
ALL,hist_gradient_boosting,3,-0.03112188142259753,0.2564103958011031
ALL,hist_gradient_boosting,4,0.03606195271222967,0.26417435370107684
ALL,hist_gradient_boosting,5,0.004632664977191725,0.2565584710559753
ALL,hist_gradient_boosting,6,-0.0037749623056910764,0.26086084098053347
ALL,hist_gradient_boosting,7,0.047137117217415536,0.24847084304144504
ALL,hist_gradient_boosting,8,0.018355957698052205,0.25921127303289726
ALL,hist_gradient_boosting,9,-0.04577427728386163,0.25873211531918316
O+S,ridge,0,0.0393660501656804,0.25960812573557024
O+S,ridge,1,0.05756901550943194,0.24658490263721147
O+S,ridge,2,0.03711969300298368,0.24092745768263543
O+S,ridge,3,0.03092381252101506,0.24857622512028696
O+S,ridge,4,0.04129098030002909,0.2634568524803318
O+S,ridge,5,0.04032030836736977,0.2519171989961797
O+S,ridge,6,0.03564416896278788,0.2556874230490624
O+S,ridge,7,0.050063678424463465,0.2480889809999598
O+S,ridge,8,0.042261393990608354,0.2560356054211555
O+S,ridge,9,0.03378346022496259,0.248695882655376
O+S,random_forest,0,0.05814160511790667,0.25705859102321565
O+S,random_forest,1,0.0793095594865928,0.24372412616166964
O+S,random_forest,2,0.040551335601722194,0.2404977496071134
O+S,random_forest,3,0.0326047931016602,0.2483605386893996
O+S,random_forest,4,0.0382271349617912,0.2638774947999702
O+S,random_forest,5,0.05273428357340337,0.2502825530081832
O+S,random_forest,6,0.04335200585108123,0.25466355264923896
O+S,random_forest,7,0.06429859345113775,0.2462231423973805
O+S,random_forest,8,0.053527632742189524,0.2545252290296832
O+S,random_forest,9,0.04096329387341913,0.2477701457692136
O+S,hist_gradient_boosting,0,0.02254739529202998,0.2618708575395157
O+S,hist_gradient_boosting,1,0.01146206037578168,0.2525447682265015
O+S,hist_gradient_boosting,2,-0.027541828251215206,0.2488856748119225
O+S,hist_gradient_boosting,3,-0.020928535036269125,0.25513985171701326
O+S,hist_gradient_boosting,4,-0.01075426529884127,0.27051346275682797
O+S,hist_gradient_boosting,5,0.010722138192350905,0.2557724784407427
O+S,hist_gradient_boosting,6,-0.00202971491400028,0.26063396504575426
O+S,hist_gradient_boosting,7,0.0499509693969985,0.2481036983224662
O+S,hist_gradient_boosting,8,0.04149537476899223,0.2561379762521762
O+S,hist_gradient_boosting,9,-0.01935668464703677,0.25544326061328976
O+A,ridge,0,0.037717935478083,0.25983072905176174
O+A,ridge,1,0.05428834373524993,0.24701371989283907
O+A,ridge,2,0.03593702105359653,0.24107537362960713
O+A,ridge,3,0.022347122132473918,0.24967379873838624
O+A,ridge,4,0.04277042956681554,0.26325349487863725
O+A,ridge,5,0.038075837630350606,0.25221161523467533
O+A,ridge,6,0.037079673342251485,0.25549704876179585
O+A,ridge,7,0.048946314604111696,0.24823484561074127
O+A,ridge,8,0.03346121157405457,0.25720920742015735
O+A,ridge,9,0.03379496063453813,0.2486944025973853
O+A,random_forest,0,0.04570893539811316,0.2587496344693525
O+A,random_forest,1,0.08376394535450105,0.24313383134058394
O+A,random_forest,2,0.039937041438159904,0.24057472752664913
O+A,random_forest,3,0.025153248361008518,0.24931522583739638
O+A,random_forest,4,0.04469884864356655,0.2629881880925036
O+A,random_forest,5,0.04913681839839079,0.2507573561801684
O+A,random_forest,6,0.038606430723659324,0.25529441686144017
O+A,random_forest,7,0.0689806731780086,0.24560634191990607
O+A,random_forest,8,0.044890718538344365,0.2556839106184916
O+A,random_forest,9,0.030980139767034953,0.24905639671963561
O+A,hist_gradient_boosting,0,-0.015310272404884584,0.26689393593563254
O+A,hist_gradient_boosting,1,0.05851030780814115,0.2464617283891131
O+A,hist_gradient_boosting,2,-0.013466828508266415,0.24717521174269266
O+A,hist_gradient_boosting,3,-0.043378249800438695,0.25792979746253825
O+A,hist_gradient_boosting,4,0.024385620953610077,0.2657695301403544
O+A,hist_gradient_boosting,5,0.01934752522951344,0.2546550136012584
O+A,hist_gradient_boosting,6,-0.0032789576574583368,0.2607963822211376
O+A,hist_gradient_boosting,7,0.0716854824084332,0.245249313080559
O+A,hist_gradient_boosting,8,-0.0032306153231214108,0.26204583169101237
O+A,hist_gradient_boosting,9,-0.04805424348172593,0.2590140018214354
