seed,amount,method,calibration,cal_lo,cal_hi,top_bottom,tb_lo,tb_hi,N
20260921,200,t,-0.15829163114927763,-0.7790068048123693,0.46242354251381407,0.004345008109232357,-0.09409991520365746,0.10278993142212217,1234
20260921,200,dr,-0.13656470219287348,-0.6431651005307719,0.3700356961450249,-0.036045783926218655,-0.1329268818760471,0.06083531402360978,1234
20260921,1000,t,1.0349176720804543,0.5046843061823837,1.565151037978525,0.18061793906196497,0.08557042724667117,0.27566545087725874,1207
20260921,1000,dr,0.9254766837758035,0.4672764824313021,1.383676885120305,0.18153679653679652,0.08801599230035255,0.2750576007732405,1207
20260921,5000,t,-0.020445755984159708,-0.7132459492098508,0.6723544372415315,0.007126391664287746,-0.08155793059582454,0.09581071392440003,1220
20260921,5000,dr,-0.24725382462562082,-0.7957037409342856,0.30119609168304395,-0.02376190862118746,-0.10814135711264963,0.06061753987027471,1220
20260922,200,t,0.04589307169157302,-0.5743770635131439,0.6661632068962898,-0.005607858036153657,-0.10176650192981249,0.09055078585750517,1234
20260922,200,dr,-0.21517482853622646,-0.7103953643030851,0.28004570723063216,-0.03694630653750211,-0.134349275482619,0.060456662407614783,1234
20260922,1000,t,1.07855502282918,0.5948652986883333,1.562244746970027,0.20719301689721092,0.11447714377863681,0.299908890015785,1207
20260922,1000,dr,0.840931201439802,0.41628708804418674,1.2655753148354174,0.14005451305821365,0.04774035132641821,0.23236867479000908,1207
20260922,5000,t,0.0685135518493937,-0.5923459386054114,0.7293730423041987,-0.001371311320716856,-0.08794174047693688,0.08519911783550317,1220
20260922,5000,dr,0.04412811376641185,-0.5223104501145159,0.6105666776473397,-0.05292031476383657,-0.14120885938825242,0.035368229860579276,1220
20260923,200,t,-0.03724941544202715,-0.6821913347991996,0.6076925039151452,-0.014781500065591036,-0.10950686675965997,0.0799438666284779,1234
20260923,200,dr,-0.28370943641627455,-0.7845708928877535,0.2171520200552044,-0.03667831842494565,-0.13230184550264373,0.05894520865275242,1234
20260923,1000,t,0.8171815960347371,0.3115012963265612,1.3228618957429128,0.15354342160571655,0.058322211051364536,0.24876463216006856,1207
20260923,1000,dr,0.7297829302105868,0.29718286926470106,1.1623829911564725,0.12340430577055572,0.034563611828842475,0.21224499971226896,1207
20260923,5000,t,-0.14156036913488695,-0.7409686939368132,0.45784795566703934,-0.025114593865857737,-0.1111832258306903,0.06095403809897483,1220
20260923,5000,dr,-0.29948904324544073,-0.8909096355563939,0.2919315490655124,-0.04980356920834694,-0.13442108599410924,0.034813947577415336,1220
20260924,200,t,0.4719606704990655,-0.16463485479288092,1.108556195791012,0.07263768049171501,-0.022829794647496765,0.1681051556309268,1234
20260924,200,dr,0.35790579905469866,-0.16339661997937893,0.8792082180887762,0.060652926969968296,-0.03459299203612512,0.1558988459760617,1234
20260924,1000,t,0.9915536923805381,0.47504767829590666,1.5080597064651697,0.17151166550662805,0.07932225392867445,0.2637010770845817,1207
20260924,1000,dr,0.9712478932492786,0.5392955046861949,1.4032002818123623,0.16795891537257054,0.07875432412100154,0.25716350662413956,1207
20260924,5000,t,-0.10490251514610555,-0.750243127730222,0.5404380974380107,-0.03514768559817613,-0.12623894152498533,0.05594357032863306,1220
20260924,5000,dr,-0.5047862457926359,-1.09692850325519,0.08735601166991847,-0.05656207827260454,-0.14783773246482518,0.034713575919616116,1220
20260925,200,t,0.04321812084846076,-0.5923634442867756,0.6787996859836971,0.008653652820647284,-0.08900083566633252,0.10630814130762709,1234
20260925,200,dr,-0.025122836483977118,-0.5259274432815351,0.4756817703135808,0.036657217931867186,-0.06262175823102333,0.1359361940947577,1234
20260925,1000,t,1.2267463724523113,0.7174467781862075,1.7360459667184152,0.24678649347728285,0.15239531266598266,0.34117767428858303,1207
20260925,1000,dr,1.0950148784493279,0.6450664321705005,1.5449633247281551,0.22668572565048528,0.13683649581035018,0.3165349554906204,1207
20260925,5000,t,0.34771545596997055,-0.3458954335453035,1.0413263454852446,0.04961987146370819,-0.040321635223497146,0.13956137815091352,1220
20260925,5000,dr,-0.0771899760733265,-0.6099852624362401,0.4556053102895871,0.02723556252343376,-0.05872677323943923,0.11319789828630675,1220
20260926,200,t,0.2399300481364455,-0.38971528539784417,0.8695753816707351,0.03764093149616354,-0.06038510321682673,0.1356669662091538,1234
20260926,200,dr,0.2678322742578261,-0.2200536268407134,0.7557181753563655,0.032728768642918765,-0.06176229190583481,0.12721982919167235,1234
20260926,1000,t,0.9543374168584703,0.4449431924681262,1.4637316412488144,0.15468124784628345,0.05986584210128226,0.24949665359128465,1207
20260926,1000,dr,0.605193756786676,0.18649238215484576,1.0238951314185063,0.09025249071685812,-0.0009173302605991474,0.18142231169431539,1207
20260926,5000,t,0.19406943910543695,-0.4535213712564107,0.8416602494672846,0.030377717520706393,-0.05901550804324848,0.11977094308466127,1220
20260926,5000,dr,-0.24576510630210718,-0.8306482976337861,0.3391180850295717,-0.014586592162588119,-0.10014988557231108,0.07097670124713484,1220
20260927,200,t,-0.08718950016667096,-0.7413981652465524,0.5670191649132106,-0.013655579338739732,-0.10919438831955125,0.08188322964207179,1234
20260927,200,dr,0.40669610971596576,-0.14174407071906908,0.9551362901510005,0.045727169091848374,-0.04823255016315915,0.1396868883468559,1234
20260927,1000,t,1.1939918054785021,0.6710522465382757,1.7169313644187287,0.2034690400508582,0.10841025699412485,0.2985278231075915,1207
20260927,1000,dr,0.8407058852083584,0.3861087623437141,1.2953030080730028,0.15697627514404372,0.06333974603507767,0.2506128042530098,1207
20260927,5000,t,0.3240419911271267,-0.30519662648712476,0.9532806087413782,0.05010890133831311,-0.033874038536831616,0.13409184121345785,1220
20260927,5000,dr,0.05495054825032136,-0.5755571912527457,0.6854582877533884,0.04297805012276698,-0.0465314228903687,0.13248752313590267,1220
20260928,200,t,0.21799380952226893,-0.46931533947882303,0.905302958523361,0.0012007691305772339,-0.0989254521813617,0.10132699044251617,1234
20260928,200,dr,-0.043743764801532,-0.5549338744662038,0.46744634486313985,-0.04475928112291744,-0.1415540425766942,0.052035480330859335,1234
20260928,1000,t,0.9790461641370072,0.46202546924994703,1.4960668590240673,0.13497183985605038,0.0400524814700331,0.22989119824206766,1207
20260928,1000,dr,0.5233676040220274,0.0761470733046189,0.970588134739436,0.09409615003085647,0.0015577245371783816,0.18663457552453455,1207
20260928,5000,t,0.605139364271495,-0.06474255004114748,1.2750212785841373,0.06476535574110914,-0.020924328750935778,0.15045504023315406,1220
20260928,5000,dr,0.015993436666097482,-0.6358408002689968,0.6678276736011919,0.007218907070702607,-0.08011566539329626,0.09455347953470147,1220
20260929,200,t,0.11298950291649731,-0.5214781357422226,0.7474571415752173,2.2965879265091083e-05,-0.09716324506104973,0.09720917681957991,1234
20260929,200,dr,0.14615166503172733,-0.40306971164568767,0.6953730417091424,0.048158959096459036,-0.05128248420604348,0.14760040239896155,1234
20260929,1000,t,1.1210994230278215,0.6122171376308897,1.6299817084247534,0.18849548440065667,0.09335358538450791,0.28363738341680544,1207
20260929,1000,dr,0.5866013327668907,0.15509482842892636,1.018107837104855,0.13492658730158727,0.03897861684190386,0.2308745577612707,1207
20260929,5000,t,-0.2067273924091442,-0.8082429933861159,0.3947882085678276,-0.0393675724799534,-0.1252067845956385,0.0464716396357317,1220
20260929,5000,dr,-0.5341055691343749,-1.0800878626764916,0.01187672440774179,-0.08151426475862605,-0.16890670319568285,0.0058781736784307426,1220
20260930,200,t,-0.25730361428391235,-0.8953945817845532,0.3807873532167285,-0.06878007934893329,-0.1661950113346815,0.028634852636814923,1234
20260930,200,dr,-0.17514060538056928,-0.6974022720784773,0.34712106131733866,-0.04995232235200764,-0.14859091046841907,0.0486862657644038,1234
20260930,1000,t,1.1196985118976417,0.6245826902138729,1.6148143335814105,0.2041600239437836,0.10913600024887056,0.29918404763869666,1207
20260930,1000,dr,0.9464095218799261,0.5071613963418271,1.385657647418025,0.20301927926788124,0.10578016352925082,0.30025839500651164,1207
20260930,5000,t,0.14791015819020703,-0.5055955638971972,0.8014158802776112,0.014467666534278223,-0.0743437051723253,0.10327903824088175,1220
20260930,5000,dr,-0.03542978896740577,-0.6078624139052685,0.537002835970457,0.020455691906963086,-0.06509815272402682,0.10600953653795299,1220
