kind,model,assumed_reliability,observed_r2,observed_lo,observed_hi,conditional_latent_r2,conditional_lo,conditional_hi,interpretation
reliability_scenario,O,0.3,0.0465272672425799,0.0387882402067796,0.05358958665013,0.1550908908085996,0.1292941340225986,0.1786319555004333,"fold-bootstrap interval transformed; reliability assumed, not estimated"
reliability_scenario,O,0.31,0.0465272672425799,0.0387882402067796,0.05358958665013,0.1500879588470319,0.1251233555057406,0.172869634355258,"fold-bootstrap interval transformed; reliability assumed, not estimated"
reliability_scenario,O,0.32,0.0465272672425799,0.0387882402067796,0.05358958665013,0.1453977101330621,0.1212132506461862,0.1674674582816562,"fold-bootstrap interval transformed; reliability assumed, not estimated"
reliability_scenario,O,0.33,0.0465272672425799,0.0387882402067796,0.05358958665013,0.1409917189169088,0.117540121838726,0.1623926868185757,"fold-bootstrap interval transformed; reliability assumed, not estimated"
reliability_scenario,O,0.34,0.0465272672425799,0.0387882402067796,0.05358958665013,0.1368449036546467,0.1140830594317047,0.1576164313239117,"fold-bootstrap interval transformed; reliability assumed, not estimated"
reliability_scenario,O,0.35,0.0465272672425799,0.0387882402067796,0.05358958665013,0.132935049264514,0.1108235434479417,0.1531131047146571,"fold-bootstrap interval transformed; reliability assumed, not estimated"
reliability_scenario,O,0.36,0.0465272672425799,0.0387882402067796,0.05358958665013,0.1292424090071663,0.1077451116854989,0.1488599629170277,"fold-bootstrap interval transformed; reliability assumed, not estimated"
reliability_scenario,O,0.37,0.0465272672425799,0.0387882402067796,0.05358958665013,0.1257493709258916,0.1048330816399448,0.144836720676027,"fold-bootstrap interval transformed; reliability assumed, not estimated"
reliability_scenario,O,0.38,0.0465272672425799,0.0387882402067796,0.05358958665013,0.1224401769541576,0.1020743163336305,0.1410252280266579,"fold-bootstrap interval transformed; reliability assumed, not estimated"
reliability_scenario,O,0.39,0.0465272672425799,0.0387882402067796,0.05358958665013,0.1193006852373843,0.0994570261712297,0.1374091965387948,"fold-bootstrap interval transformed; reliability assumed, not estimated"
reliability_scenario,O,0.4,0.0465272672425799,0.0387882402067796,0.05358958665013,0.1163181681064497,0.096970600516949,0.133973966625325,"fold-bootstrap interval transformed; reliability assumed, not estimated"
reliability_scenario,O,0.41,0.0465272672425799,0.0387882402067796,0.05358958665013,0.1134811396160485,0.0946054639189746,0.1307063089027561,"fold-bootstrap interval transformed; reliability assumed, not estimated"
reliability_scenario,O,0.42,0.0465272672425799,0.0387882402067796,0.05358958665013,0.1107792077204283,0.0923529528732847,0.1275942539288809,"fold-bootstrap interval transformed; reliability assumed, not estimated"
reliability_scenario,O,0.43,0.0465272672425799,0.0387882402067796,0.05358958665013,0.1082029470757672,0.0902052097832083,0.1246269456979767,"fold-bootstrap interval transformed; reliability assumed, not estimated"
reliability_scenario,O,0.44,0.0465272672425799,0.0387882402067796,0.05358958665013,0.1057437891876815,0.0881550913790445,0.1217945151139318,"fold-bootstrap interval transformed; reliability assumed, not estimated"
reliability_scenario,O,0.45,0.0465272672425799,0.0387882402067796,0.05358958665013,0.1033939272057331,0.0861960893483991,0.1190879703336222,"fold-bootstrap interval transformed; reliability assumed, not estimated"
reliability_scenario,O,0.46,0.0465272672425799,0.0387882402067796,0.05358958665013,0.1011462331360432,0.084322261319086,0.116499101413326,"fold-bootstrap interval transformed; reliability assumed, not estimated"
reliability_scenario,O,0.47,0.0465272672425799,0.0387882402067796,0.05358958665013,0.0989941856225104,0.0825281706527225,0.1140203971279361,"fold-bootstrap interval transformed; reliability assumed, not estimated"
reliability_scenario,O,0.48,0.0465272672425799,0.0387882402067796,0.05358958665013,0.0969318067553747,0.0808088337641241,0.1116449721877708,"fold-bootstrap interval transformed; reliability assumed, not estimated"
reliability_scenario,O,0.49,0.0465272672425799,0.0387882402067796,0.05358958665013,0.09495360661751,0.0791596738913869,0.1093665033676122,"fold-bootstrap interval transformed; reliability assumed, not estimated"
reliability_scenario,O,0.5,0.0465272672425799,0.0387882402067796,0.05358958665013,0.0930545344851598,0.0775764804135592,0.10717917330026,"fold-bootstrap interval transformed; reliability assumed, not estimated"
reliability_scenario,O,0.51,0.0465272672425799,0.0387882402067796,0.05358958665013,0.0912299357697645,0.0760553729544698,0.1050776208826078,"fold-bootstrap interval transformed; reliability assumed, not estimated"
reliability_scenario,O,0.52,0.0465272672425799,0.0387882402067796,0.05358958665013,0.0894755139280382,0.0745927696284223,0.1030568974040961,"fold-bootstrap interval transformed; reliability assumed, not estimated"
reliability_scenario,O,0.53,0.0465272672425799,0.0387882402067796,0.05358958665013,0.087787296684113,0.0731853588807162,0.1011124276417547,"fold-bootstrap interval transformed; reliability assumed, not estimated"
reliability_scenario,O,0.54,0.0465272672425799,0.0387882402067796,0.05358958665013,0.0861616060047775,0.0718300744569992,0.0992399752780185,"fold-bootstrap interval transformed; reliability assumed, not estimated"
reliability_scenario,O,0.55,0.0465272672425799,0.0387882402067796,0.05358958665013,0.0845950313501452,0.0705240731032356,0.0974356120911454,"fold-bootstrap interval transformed; reliability assumed, not estimated"
reliability_scenario,O,0.56,0.0465272672425799,0.0387882402067796,0.05358958665013,0.0830844057903212,0.0692647146549635,0.0956956904466607,"fold-bootstrap interval transformed; reliability assumed, not estimated"
reliability_scenario,O,0.57,0.0465272672425799,0.0387882402067796,0.05358958665013,0.081626784636105,0.0680495442224203,0.0940168186844386,"fold-bootstrap interval transformed; reliability assumed, not estimated"
reliability_scenario,O,0.58,0.0465272672425799,0.0387882402067796,0.05358958665013,0.0802194262803101,0.0668762762185855,0.0923958390519482,"fold-bootstrap interval transformed; reliability assumed, not estimated"
reliability_scenario,O,0.59,0.0465272672425799,0.0387882402067796,0.05358958665013,0.0788597749874235,0.0657427800114908,0.0908298078815762,"fold-bootstrap interval transformed; reliability assumed, not estimated"
reliability_scenario,O,0.6,0.0465272672425799,0.0387882402067796,0.05358958665013,0.0775454454042998,0.0646470670112993,0.0893159777502166,"fold-bootstrap interval transformed; reliability assumed, not estimated"
reliability_scenario,O,0.61,0.0465272672425799,0.0387882402067796,0.05358958665013,0.0762742085943932,0.0635872790275075,0.0878517813936557,"fold-bootstrap interval transformed; reliability assumed, not estimated"
reliability_scenario,O,0.62,0.0465272672425799,0.0387882402067796,0.05358958665013,0.0750439794235159,0.0625616777528703,0.086434817177629,"fold-bootstrap interval transformed; reliability assumed, not estimated"
reliability_scenario,O,0.63,0.0465272672425799,0.0387882402067796,0.05358958665013,0.0738528051469522,0.0615686352488565,0.0850628359525873,"fold-bootstrap interval transformed; reliability assumed, not estimated"
reliability_scenario,O,0.64,0.0465272672425799,0.0387882402067796,0.05358958665013,0.072698855066531,0.0606066253230931,0.0837337291408281,"fold-bootstrap interval transformed; reliability assumed, not estimated"
reliability_scenario,O,0.65,0.0465272672425799,0.0387882402067796,0.05358958665013,0.0715804111424306,0.0596742157027378,0.0824455179232769,"fold-bootstrap interval transformed; reliability assumed, not estimated"
reliability_scenario,O,0.66,0.0465272672425799,0.0387882402067796,0.05358958665013,0.0704958594584544,0.058770060919363,0.0811963434092878,"fold-bootstrap interval transformed; reliability assumed, not estimated"
reliability_scenario,O,0.67,0.0465272672425799,0.0387882402067796,0.05358958665013,0.0694436824516117,0.0578928958310143,0.0799844576867611,"fold-bootstrap interval transformed; reliability assumed, not estimated"
reliability_scenario,O,0.68,0.0465272672425799,0.0387882402067796,0.05358958665013,0.0684224518273233,0.0570415297158523,0.0788082156619558,"fold-bootstrap interval transformed; reliability assumed, not estimated"
reliability_scenario,O,0.69,0.0465272672425799,0.0387882402067796,0.05358958665013,0.0674308220906955,0.0562148408793907,0.077666067608884,"fold-bootstrap interval transformed; reliability assumed, not estimated"
reliability_scenario,O,0.7,0.0465272672425799,0.0387882402067796,0.05358958665013,0.066467524632257,0.0554117717239708,0.0765565523573285,"fold-bootstrap interval transformed; reliability assumed, not estimated"
reliability_scenario,O,0.71,0.0465272672425799,0.0387882402067796,0.05358958665013,0.0655313623134928,0.0546313242349008,0.0754782910565211,"fold-bootstrap interval transformed; reliability assumed, not estimated"
reliability_scenario,O,0.72,0.0465272672425799,0.0387882402067796,0.05358958665013,0.0646212045035831,0.0538725558427494,0.0744299814585138,"fold-bootstrap interval transformed; reliability assumed, not estimated"
reliability_scenario,O,0.73,0.0465272672425799,0.0387882402067796,0.05358958665013,0.063735982524082,0.0531345756257254,0.0734103926714109,"fold-bootstrap interval transformed; reliability assumed, not estimated"
reliability_scenario,O,0.74,0.0465272672425799,0.0387882402067796,0.05358958665013,0.0628746854629458,0.0524165408199724,0.0724183603380135,"fold-bootstrap interval transformed; reliability assumed, not estimated"
reliability_scenario,O,0.75,0.0465272672425799,0.0387882402067796,0.05358958665013,0.0620363563234398,0.0517176536090394,0.0714527822001733,"fold-bootstrap interval transformed; reliability assumed, not estimated"
reliability_scenario,O,0.76,0.0465272672425799,0.0387882402067796,0.05358958665013,0.0612200884770788,0.0510371581668152,0.0705126140133289,"fold-bootstrap interval transformed; reliability assumed, not estimated"
reliability_scenario,O,0.77,0.0465272672425799,0.0387882402067796,0.05358958665013,0.0604250223929609,0.0503743379308826,0.0695968657793896,"fold-bootstrap interval transformed; reliability assumed, not estimated"
reliability_scenario,O,0.78,0.0465272672425799,0.0387882402067796,0.05358958665013,0.0596503426186921,0.0497285130856148,0.0687045982693974,"fold-bootstrap interval transformed; reliability assumed, not estimated"
reliability_scenario,O,0.79,0.0465272672425799,0.0387882402067796,0.05358958665013,0.0588952749906074,0.0490990382364298,0.0678349198102911,"fold-bootstrap interval transformed; reliability assumed, not estimated"
reliability_scenario,O,0.8,0.0465272672425799,0.0387882402067796,0.05358958665013,0.0581590840532248,0.0484853002584745,0.0669869833126625,"fold-bootstrap interval transformed; reliability assumed, not estimated"
reliability_scenario,O,0.81,0.0465272672425799,0.0387882402067796,0.05358958665013,0.0574410706698517,0.0478867163046661,0.066159983518679,"fold-bootstrap interval transformed; reliability assumed, not estimated"
reliability_scenario,O,0.82,0.0465272672425799,0.0387882402067796,0.05358958665013,0.0567405698080242,0.0473027319594873,0.065353154451378,"fold-bootstrap interval transformed; reliability assumed, not estimated"
reliability_scenario,O,0.83,0.0465272672425799,0.0387882402067796,0.05358958665013,0.056056948485036,0.0467328195262404,0.0645657670483494,"fold-bootstrap interval transformed; reliability assumed, not estimated"
reliability_scenario,O,0.84,0.0465272672425799,0.0387882402067796,0.05358958665013,0.0553896038602141,0.0461764764366423,0.0637971269644404,"fold-bootstrap interval transformed; reliability assumed, not estimated"
reliability_scenario,O,0.85,0.0465272672425799,0.0387882402067796,0.05358958665013,0.0547379614618587,0.0456332237726818,0.0630465725295647,"fold-bootstrap interval transformed; reliability assumed, not estimated"
reliability_scenario,O,0.86,0.0465272672425799,0.0387882402067796,0.05358958665013,0.0541014735378836,0.0451026048916041,0.0623134728489883,"fold-bootstrap interval transformed; reliability assumed, not estimated"
reliability_scenario,O,0.87,0.0465272672425799,0.0387882402067796,0.05358958665013,0.0534796175202067,0.0445841841457236,0.0615972260346321,"fold-bootstrap interval transformed; reliability assumed, not estimated"
reliability_scenario,O,0.88,0.0465272672425799,0.0387882402067796,0.05358958665013,0.0528718945938407,0.0440775456895222,0.0608972575569659,"fold-bootstrap interval transformed; reliability assumed, not estimated"
reliability_scenario,O,0.89,0.0465272672425799,0.0387882402067796,0.05358958665013,0.0522778283624493,0.043582292367168,0.0602130187080112,"fold-bootstrap interval transformed; reliability assumed, not estimated"
reliability_scenario,O,0.9,0.0465272672425799,0.0387882402067796,0.05358958665013,0.0516969636028665,0.0430980446741995,0.0595439851668111,"fold-bootstrap interval transformed; reliability assumed, not estimated"
reliability_scenario,O,0.91,0.0465272672425799,0.0387882402067796,0.05358958665013,0.0511288651017361,0.0426244397876698,0.0588896556594835,"fold-bootstrap interval transformed; reliability assumed, not estimated"
reliability_scenario,O,0.92,0.0465272672425799,0.0387882402067796,0.05358958665013,0.0505731165680216,0.042161130659543,0.058249550706663,"fold-bootstrap interval transformed; reliability assumed, not estimated"
reliability_scenario,O,0.93,0.0465272672425799,0.0387882402067796,0.05358958665013,0.0500293196156773,0.0417077851685802,0.0576232114517526,"fold-bootstrap interval transformed; reliability assumed, not estimated"
reliability_scenario,O,0.94,0.0465272672425799,0.0387882402067796,0.05358958665013,0.0494970928112552,0.0412640853263612,0.057010198563968,"fold-bootstrap interval transformed; reliability assumed, not estimated"
reliability_scenario,O,0.95,0.0465272672425799,0.0387882402067796,0.05358958665013,0.048976070781663,0.0408297265334522,0.0564100912106631,"fold-bootstrap interval transformed; reliability assumed, not estimated"
reliability_scenario,O,0.96,0.0465272672425799,0.0387882402067796,0.05358958665013,0.0484659033776873,0.040404416882062,0.0558224860938854,"fold-bootstrap interval transformed; reliability assumed, not estimated"
reliability_scenario,O,0.97,0.0465272672425799,0.0387882402067796,0.05358958665013,0.0479662548892576,0.0399878765018346,0.0552469965465257,"fold-bootstrap interval transformed; reliability assumed, not estimated"
reliability_scenario,O,0.98,0.0465272672425799,0.0387882402067796,0.05358958665013,0.047476803308755,0.0395798369456934,0.0546832516838061,"fold-bootstrap interval transformed; reliability assumed, not estimated"
reliability_scenario,O,0.99,0.0465272672425799,0.0387882402067796,0.05358958665013,0.0469972396389695,0.0391800406129086,0.0541308956061919,"fold-bootstrap interval transformed; reliability assumed, not estimated"
reliability_scenario,O,1.0,0.0465272672425799,0.0387882402067796,0.05358958665013,0.0465272672425799,0.0387882402067796,0.05358958665013,"fold-bootstrap interval transformed; reliability assumed, not estimated"
reliability_scenario,ALL,0.3,0.0482076340836316,0.0404444203298541,0.0555218191079172,0.1606921136121053,0.134814734432847,0.185072730359724,"fold-bootstrap interval transformed; reliability assumed, not estimated"
reliability_scenario,ALL,0.31,0.0482076340836316,0.0404444203298541,0.0555218191079172,0.1555084970439729,0.1304658720317874,0.1791026422836038,"fold-bootstrap interval transformed; reliability assumed, not estimated"
reliability_scenario,ALL,0.32,0.0482076340836316,0.0404444203298541,0.0555218191079172,0.1506488565113487,0.126388813530794,0.1735056847122412,"fold-bootstrap interval transformed; reliability assumed, not estimated"
reliability_scenario,ALL,0.33,0.0482076340836316,0.0404444203298541,0.0555218191079172,0.1460837396473684,0.1225588494844063,0.1682479366906581,"fold-bootstrap interval transformed; reliability assumed, not estimated"
reliability_scenario,ALL,0.34,0.0482076340836316,0.0404444203298541,0.0555218191079172,0.1417871590695047,0.1189541774407473,0.1632994679644623,"fold-bootstrap interval transformed; reliability assumed, not estimated"
reliability_scenario,ALL,0.35,0.0482076340836316,0.0404444203298541,0.0555218191079172,0.1377360973818046,0.115555486656726,0.1586337688797634,"fold-bootstrap interval transformed; reliability assumed, not estimated"
reliability_scenario,ALL,0.36,0.0482076340836316,0.0404444203298541,0.0555218191079172,0.1339100946767544,0.1123456120273724,0.15422727529977,"fold-bootstrap interval transformed; reliability assumed, not estimated"
reliability_scenario,ALL,0.37,0.0482076340836316,0.0404444203298541,0.0555218191079172,0.130290902928734,0.1093092441347408,0.1500589705619384,"fold-bootstrap interval transformed; reliability assumed, not estimated"
reliability_scenario,ALL,0.38,0.0482076340836316,0.0404444203298541,0.0555218191079172,0.1268621949569252,0.1064326850785634,0.1461100502839926,"fold-bootstrap interval transformed; reliability assumed, not estimated"
reliability_scenario,ALL,0.39,0.0482076340836316,0.0404444203298541,0.0555218191079172,0.1236093181631579,0.1037036418714207,0.1423636387382492,"fold-bootstrap interval transformed; reliability assumed, not estimated"
reliability_scenario,ALL,0.4,0.0482076340836316,0.0404444203298541,0.0555218191079172,0.120519085209079,0.1011110508246352,0.138804547769793,"fold-bootstrap interval transformed; reliability assumed, not estimated"
reliability_scenario,ALL,0.41,0.0482076340836316,0.0404444203298541,0.0555218191079172,0.1175795953259307,0.0986449276337904,0.13541907099492,"fold-bootstrap interval transformed; reliability assumed, not estimated"
reliability_scenario,ALL,0.42,0.0482076340836316,0.0404444203298541,0.0555218191079172,0.1147800811515038,0.096296238880605,0.1321948073998028,"fold-bootstrap interval transformed; reliability assumed, not estimated"
reliability_scenario,ALL,0.43,0.0482076340836316,0.0404444203298541,0.0555218191079172,0.1121107769386781,0.0940567914647769,0.1291205095532958,"fold-bootstrap interval transformed; reliability assumed, not estimated"
reliability_scenario,ALL,0.44,0.0482076340836316,0.0404444203298541,0.0555218191079172,0.1095628047355263,0.0919191371133047,0.1261859525179936,"fold-bootstrap interval transformed; reliability assumed, not estimated"
reliability_scenario,ALL,0.45,0.0482076340836316,0.0404444203298541,0.0555218191079172,0.1071280757414035,0.089876489621898,0.123381820239816,"fold-bootstrap interval transformed; reliability assumed, not estimated"
reliability_scenario,ALL,0.46,0.0482076340836316,0.0404444203298541,0.0555218191079172,0.1047992045296339,0.0879226528909871,0.1206996067563417,"fold-bootstrap interval transformed; reliability assumed, not estimated"
reliability_scenario,ALL,0.47,0.0482076340836316,0.0404444203298541,0.0555218191079172,0.1025694342204927,0.0860519581486257,0.1181315300168451,"fold-bootstrap interval transformed; reliability assumed, not estimated"
reliability_scenario,ALL,0.48,0.0482076340836316,0.0404444203298541,0.0555218191079172,0.1004325710075658,0.0842592090205293,0.1156704564748275,"fold-bootstrap interval transformed; reliability assumed, not estimated"
reliability_scenario,ALL,0.49,0.0482076340836316,0.0404444203298541,0.0555218191079172,0.0983829267012889,0.0825396333262328,0.1133098349141167,"fold-bootstrap interval transformed; reliability assumed, not estimated"
reliability_scenario,ALL,0.5,0.0482076340836316,0.0404444203298541,0.0555218191079172,0.0964152681672632,0.0808888406597082,0.1110436382158344,"fold-bootstrap interval transformed; reliability assumed, not estimated"
reliability_scenario,ALL,0.51,0.0482076340836316,0.0404444203298541,0.0555218191079172,0.0945247727130031,0.0793027849604982,0.1088663119763082,"fold-bootstrap interval transformed; reliability assumed, not estimated"
reliability_scenario,ALL,0.52,0.0482076340836316,0.0404444203298541,0.0555218191079172,0.0927069886223684,0.0777777314035655,0.1067727290536869,"fold-bootstrap interval transformed; reliability assumed, not estimated"
reliability_scenario,ALL,0.53,0.0482076340836316,0.0404444203298541,0.0555218191079172,0.0909578001577954,0.0763102270374605,0.1047581492602211,"fold-bootstrap interval transformed; reliability assumed, not estimated"
reliability_scenario,ALL,0.54,0.0482076340836316,0.0404444203298541,0.0555218191079172,0.0892733964511696,0.074897074684915,0.10281818353318,"fold-bootstrap interval transformed; reliability assumed, not estimated"
reliability_scenario,ALL,0.55,0.0482076340836316,0.0404444203298541,0.0555218191079172,0.087650243788421,0.0735353096906438,0.1009487620143949,"fold-bootstrap interval transformed; reliability assumed, not estimated"
reliability_scenario,ALL,0.56,0.0482076340836316,0.0404444203298541,0.0555218191079172,0.0860850608636278,0.0722221791604537,0.0991461055498521,"fold-bootstrap interval transformed; reliability assumed, not estimated"
reliability_scenario,ALL,0.57,0.0482076340836316,0.0404444203298541,0.0555218191079172,0.0845747966379501,0.0709551233857089,0.0974067001893284,"fold-bootstrap interval transformed; reliability assumed, not estimated"
reliability_scenario,ALL,0.58,0.0482076340836316,0.0404444203298541,0.0555218191079172,0.08311661048902,0.0697317591894036,0.0957272743239951,"fold-bootstrap interval transformed; reliability assumed, not estimated"
reliability_scenario,ALL,0.59,0.0482076340836316,0.0404444203298541,0.0555218191079172,0.0817078543790366,0.0685498649658544,0.0941047781490122,"fold-bootstrap interval transformed; reliability assumed, not estimated"
reliability_scenario,ALL,0.6,0.0482076340836316,0.0404444203298541,0.0555218191079172,0.0803460568060526,0.0674073672164235,0.092536365179862,"fold-bootstrap interval transformed; reliability assumed, not estimated"
reliability_scenario,ALL,0.61,0.0482076340836316,0.0404444203298541,0.0555218191079172,0.0790289083338223,0.0663023284095968,0.0910193755867495,"fold-bootstrap interval transformed; reliability assumed, not estimated"
reliability_scenario,ALL,0.62,0.0482076340836316,0.0404444203298541,0.0555218191079172,0.0777542485219864,0.0652329360158937,0.0895513211418019,"fold-bootstrap interval transformed; reliability assumed, not estimated"
reliability_scenario,ALL,0.63,0.0482076340836316,0.0404444203298541,0.0555218191079172,0.0765200541010025,0.06419749258707,0.0881298715998685,"fold-bootstrap interval transformed; reliability assumed, not estimated"
reliability_scenario,ALL,0.64,0.0482076340836316,0.0404444203298541,0.0555218191079172,0.0753244282556743,0.063194406765397,0.0867528423561206,"fold-bootstrap interval transformed; reliability assumed, not estimated"
reliability_scenario,ALL,0.65,0.0482076340836316,0.0404444203298541,0.0555218191079172,0.0741655908978947,0.0622221851228524,0.0854181832429495,"fold-bootstrap interval transformed; reliability assumed, not estimated"
reliability_scenario,ALL,0.66,0.0482076340836316,0.0404444203298541,0.0555218191079172,0.0730418698236842,0.0612794247422031,0.084123968345329,"fold-bootstrap interval transformed; reliability assumed, not estimated"
reliability_scenario,ALL,0.67,0.0482076340836316,0.0404444203298541,0.0555218191079172,0.0719516926621367,0.0603648064624688,0.0828683867282346,"fold-bootstrap interval transformed; reliability assumed, not estimated"
reliability_scenario,ALL,0.68,0.0482076340836316,0.0404444203298541,0.0555218191079172,0.0708935795347523,0.0594770887203736,0.0816497339822311,"fold-bootstrap interval transformed; reliability assumed, not estimated"
reliability_scenario,ALL,0.69,0.0482076340836316,0.0404444203298541,0.0555218191079172,0.0698661363530892,0.0586151019273247,0.0804664045042278,"fold-bootstrap interval transformed; reliability assumed, not estimated"
reliability_scenario,ALL,0.7,0.0482076340836316,0.0404444203298541,0.0555218191079172,0.0688680486909023,0.057777743328363,0.0793168844398817,"fold-bootstrap interval transformed; reliability assumed, not estimated"
reliability_scenario,ALL,0.71,0.0482076340836316,0.0404444203298541,0.0555218191079172,0.067898076174129,0.0569639722955691,0.0781997452224186,"fold-bootstrap interval transformed; reliability assumed, not estimated"
reliability_scenario,ALL,0.72,0.0482076340836316,0.0404444203298541,0.0555218191079172,0.0669550473383772,0.0561728060136862,0.077113637649885,"fold-bootstrap interval transformed; reliability assumed, not estimated"
reliability_scenario,ALL,0.73,0.0482076340836316,0.0404444203298541,0.0555218191079172,0.0660378549090843,0.055403315520348,0.0760572864492016,"fold-bootstrap interval transformed; reliability assumed, not estimated"
reliability_scenario,ALL,0.74,0.0482076340836316,0.0404444203298541,0.0555218191079172,0.065145451464367,0.0546546220673704,0.0750294852809692,"fold-bootstrap interval transformed; reliability assumed, not estimated"
reliability_scenario,ALL,0.75,0.0482076340836316,0.0404444203298541,0.0555218191079172,0.0642768454448421,0.0539258937731388,0.0740290921438896,"fold-bootstrap interval transformed; reliability assumed, not estimated"
reliability_scenario,ALL,0.76,0.0482076340836316,0.0404444203298541,0.0555218191079172,0.0634310974784626,0.0532163425392817,0.0730550251419963,"fold-bootstrap interval transformed; reliability assumed, not estimated"
reliability_scenario,ALL,0.77,0.0482076340836316,0.0404444203298541,0.0555218191079172,0.0626073169917293,0.0525252212076027,0.0721062585817106,"fold-bootstrap interval transformed; reliability assumed, not estimated"
reliability_scenario,ALL,0.78,0.0482076340836316,0.0404444203298541,0.0555218191079172,0.0618046590815789,0.0518518209357103,0.0711818193691246,"fold-bootstrap interval transformed; reliability assumed, not estimated"
reliability_scenario,ALL,0.79,0.0482076340836316,0.0404444203298541,0.0555218191079172,0.0610223216248501,0.0511954687719672,0.0702807836809078,"fold-bootstrap interval transformed; reliability assumed, not estimated"
reliability_scenario,ALL,0.8,0.0482076340836316,0.0404444203298541,0.0555218191079172,0.0602595426045395,0.0505555254123176,0.0694022738848965,"fold-bootstrap interval transformed; reliability assumed, not estimated"
reliability_scenario,ALL,0.81,0.0482076340836316,0.0404444203298541,0.0555218191079172,0.059515597634113,0.0499313831232766,0.0685454556887866,"fold-bootstrap interval transformed; reliability assumed, not estimated"
reliability_scenario,ALL,0.82,0.0482076340836316,0.0404444203298541,0.0555218191079172,0.0587897976629653,0.0493224638168952,0.06770953549746,"fold-bootstrap interval transformed; reliability assumed, not estimated"
reliability_scenario,ALL,0.83,0.0482076340836316,0.0404444203298541,0.0555218191079172,0.0580814868477489,0.0487282172648844,0.066893757961346,"fold-bootstrap interval transformed; reliability assumed, not estimated"
reliability_scenario,ALL,0.84,0.0482076340836316,0.0404444203298541,0.0555218191079172,0.0573900405757519,0.0481481194403025,0.0660974036999014,"fold-bootstrap interval transformed; reliability assumed, not estimated"
reliability_scenario,ALL,0.85,0.0482076340836316,0.0404444203298541,0.0555218191079172,0.0567148636278018,0.0475816709762989,0.0653197871857849,"fold-bootstrap interval transformed; reliability assumed, not estimated"
reliability_scenario,ALL,0.86,0.0482076340836316,0.0404444203298541,0.0555218191079172,0.056055388469339,0.0470283957323884,0.0645602547766479,"fold-bootstrap interval transformed; reliability assumed, not estimated"
reliability_scenario,ALL,0.87,0.0482076340836316,0.0404444203298541,0.0555218191079172,0.0554110736593466,0.0464878394596024,0.0638181828826634,"fold-bootstrap interval transformed; reliability assumed, not estimated"
reliability_scenario,ALL,0.88,0.0482076340836316,0.0404444203298541,0.0555218191079172,0.0547814023677631,0.0459595685566523,0.0630929762589968,"fold-bootstrap interval transformed; reliability assumed, not estimated"
reliability_scenario,ALL,0.89,0.0482076340836316,0.0404444203298541,0.0555218191079172,0.0541658809928444,0.0454431689099484,0.0623840664133901,"fold-bootstrap interval transformed; reliability assumed, not estimated"
reliability_scenario,ALL,0.9,0.0482076340836316,0.0404444203298541,0.0555218191079172,0.0535640378707017,0.044938244810949,0.061690910119908,"fold-bootstrap interval transformed; reliability assumed, not estimated"
reliability_scenario,ALL,0.91,0.0482076340836316,0.0404444203298541,0.0555218191079172,0.0529754220699248,0.0444444179448946,0.0610129880306782,"fold-bootstrap interval transformed; reliability assumed, not estimated"
reliability_scenario,ALL,0.92,0.0482076340836316,0.0404444203298541,0.0555218191079172,0.0523996022648169,0.0439613264454935,0.0603498033781708,"fold-bootstrap interval transformed; reliability assumed, not estimated"
reliability_scenario,ALL,0.93,0.0482076340836316,0.0404444203298541,0.0555218191079172,0.0518361656813243,0.0434886240105958,0.0597008807612012,"fold-bootstrap interval transformed; reliability assumed, not estimated"
reliability_scenario,ALL,0.94,0.0482076340836316,0.0404444203298541,0.0555218191079172,0.0512847171102463,0.0430259790743128,0.0590657650084225,"fold-bootstrap interval transformed; reliability assumed, not estimated"
reliability_scenario,ALL,0.95,0.0482076340836316,0.0404444203298541,0.0555218191079172,0.0507448779827701,0.0425730740314253,0.058444020113597,"fold-bootstrap interval transformed; reliability assumed, not estimated"
reliability_scenario,ALL,0.96,0.0482076340836316,0.0404444203298541,0.0555218191079172,0.0502162855037829,0.0421296045102646,0.0578352282374137,"fold-bootstrap interval transformed; reliability assumed, not estimated"
reliability_scenario,ALL,0.97,0.0482076340836316,0.0404444203298541,0.0555218191079172,0.0496985918387954,0.0416952786905712,0.0572389887710486,"fold-bootstrap interval transformed; reliability assumed, not estimated"
reliability_scenario,ALL,0.98,0.0482076340836316,0.0404444203298541,0.0555218191079172,0.0491914633506444,0.0412698166631164,0.0566549174570583,"fold-bootstrap interval transformed; reliability assumed, not estimated"
reliability_scenario,ALL,0.99,0.0482076340836316,0.0404444203298541,0.0555218191079172,0.0486945798824561,0.0408529498281354,0.0560826455635527,"fold-bootstrap interval transformed; reliability assumed, not estimated"
reliability_scenario,ALL,1.0,0.0482076340836316,0.0404444203298541,0.0555218191079172,0.0482076340836316,0.0404444203298541,0.0555218191079172,"fold-bootstrap interval transformed; reliability assumed, not estimated"
reliability_scenario,O+S-minus-O,0.3,0.0034339213599235,9.75218450346413e-05,0.0067129727505959,0.0114464045330783,0.0003250728167821,0.0223765758353196,"paired-fold interval transformed; reliability assumed, not estimated"
reliability_scenario,O+S-minus-O,0.31,0.0034339213599235,9.75218450346413e-05,0.0067129727505959,0.0110771656771725,0.0003145865968859,0.0216547508083738,"paired-fold interval transformed; reliability assumed, not estimated"
reliability_scenario,O+S-minus-O,0.32,0.0034339213599235,9.75218450346413e-05,0.0067129727505959,0.0107310042497609,0.0003047557657332,0.0209780398456121,"paired-fold interval transformed; reliability assumed, not estimated"
reliability_scenario,O+S-minus-O,0.33,0.0034339213599235,9.75218450346413e-05,0.0067129727505959,0.0104058223027984,0.0002955207425292,0.0203423416684724,"paired-fold interval transformed; reliability assumed, not estimated"
reliability_scenario,O+S-minus-O,0.34,0.0034339213599235,9.75218450346413e-05,0.0067129727505959,0.0100997687056573,0.0002868289559842,0.0197440375017526,"paired-fold interval transformed; reliability assumed, not estimated"
reliability_scenario,O+S-minus-O,0.35,0.0034339213599235,9.75218450346413e-05,0.0067129727505959,0.0098112038854957,0.0002786338429561,0.0191799221445597,"paired-fold interval transformed; reliability assumed, not estimated"
reliability_scenario,O+S-minus-O,0.36,0.0034339213599235,9.75218450346413e-05,0.0067129727505959,0.0095386704442319,0.0002708940139851,0.018647146529433,"paired-fold interval transformed; reliability assumed, not estimated"
reliability_scenario,O+S-minus-O,0.37,0.0034339213599235,9.75218450346413e-05,0.0067129727505959,0.0092808685403337,0.0002635725541476,0.0181431695962051,"paired-fold interval transformed; reliability assumed, not estimated"
reliability_scenario,O+S-minus-O,0.38,0.0034339213599235,9.75218450346413e-05,0.0067129727505959,0.0090366351576934,0.0002566364343016,0.017665717764726,"paired-fold interval transformed; reliability assumed, not estimated"
reliability_scenario,O+S-minus-O,0.39,0.0034339213599235,9.75218450346413e-05,0.0067129727505959,0.0088049265639064,0.0002500560129093,0.0172127506425535,"paired-fold interval transformed; reliability assumed, not estimated"
reliability_scenario,O+S-minus-O,0.4,0.0034339213599235,9.75218450346413e-05,0.0067129727505959,0.0085848033998087,0.0002438046125866,0.0167824318764897,"paired-fold interval transformed; reliability assumed, not estimated"
reliability_scenario,O+S-minus-O,0.41,0.0034339213599235,9.75218450346413e-05,0.0067129727505959,0.0083754179510329,0.000237858158621,0.0163731042697461,"paired-fold interval transformed; reliability assumed, not estimated"
reliability_scenario,O+S-minus-O,0.42,0.0034339213599235,9.75218450346413e-05,0.0067129727505959,0.008176003237913,0.00023219486913,0.0159832684537997,"paired-fold interval transformed; reliability assumed, not estimated"
reliability_scenario,O+S-minus-O,0.43,0.0034339213599235,9.75218450346413e-05,0.0067129727505959,0.007985863627729,0.0002267949884526,0.0156115645362695,"paired-fold interval transformed; reliability assumed, not estimated"
reliability_scenario,O+S-minus-O,0.44,0.0034339213599235,9.75218450346413e-05,0.0067129727505959,0.0078043667270988,0.0002216405568969,0.0152567562513543,"paired-fold interval transformed; reliability assumed, not estimated"
reliability_scenario,O+S-minus-O,0.45,0.0034339213599235,9.75218450346413e-05,0.0067129727505959,0.0076309363553855,0.000216715211188,0.0149177172235464,"paired-fold interval transformed; reliability assumed, not estimated"
reliability_scenario,O+S-minus-O,0.46,0.0034339213599235,9.75218450346413e-05,0.0067129727505959,0.0074650464346163,0.0002120040109448,0.0145934190230345,"paired-fold interval transformed; reliability assumed, not estimated"
reliability_scenario,O+S-minus-O,0.47,0.0034339213599235,9.75218450346413e-05,0.0067129727505959,0.0073062156594117,0.0002074932873077,0.0142829207459487,"paired-fold interval transformed; reliability assumed, not estimated"
reliability_scenario,O+S-minus-O,0.48,0.0034339213599235,9.75218450346413e-05,0.0067129727505959,0.0071540028331739,0.0002031705104888,0.0139853598970747,"paired-fold interval transformed; reliability assumed, not estimated"
reliability_scenario,O+S-minus-O,0.49,0.0034339213599235,9.75218450346413e-05,0.0067129727505959,0.007008002775354,0.00019902417354,0.0136999443889712,"paired-fold interval transformed; reliability assumed, not estimated"
reliability_scenario,O+S-minus-O,0.5,0.0034339213599235,9.75218450346413e-05,0.0067129727505959,0.006867842719847,0.0001950436900692,0.0134259455011918,"paired-fold interval transformed; reliability assumed, not estimated"
reliability_scenario,O+S-minus-O,0.51,0.0034339213599235,9.75218450346413e-05,0.0067129727505959,0.0067331791371049,0.0001912193039894,0.013162691667835,"paired-fold interval transformed; reliability assumed, not estimated"
reliability_scenario,O+S-minus-O,0.52,0.0034339213599235,9.75218450346413e-05,0.0067129727505959,0.0066036949229298,0.000187542009682,0.0129095629819151,"paired-fold interval transformed; reliability assumed, not estimated"
reliability_scenario,O+S-minus-O,0.53,0.0034339213599235,9.75218450346413e-05,0.0067129727505959,0.006479096905516,0.0001840034811974,0.012665986321879,"paired-fold interval transformed; reliability assumed, not estimated"
reliability_scenario,O+S-minus-O,0.54,0.0034339213599235,9.75218450346413e-05,0.0067129727505959,0.0063591136294879,0.0001805960093234,0.012431431019622,"paired-fold interval transformed; reliability assumed, not estimated"
reliability_scenario,O+S-minus-O,0.55,0.0034339213599235,9.75218450346413e-05,0.0067129727505959,0.006243493381679,0.0001773124455175,0.0122054050010834,"paired-fold interval transformed; reliability assumed, not estimated"
reliability_scenario,O+S-minus-O,0.56,0.0034339213599235,9.75218450346413e-05,0.0067129727505959,0.0061320024284348,0.0001741461518475,0.0119874513403498,"paired-fold interval transformed; reliability assumed, not estimated"
reliability_scenario,O+S-minus-O,0.57,0.0034339213599235,9.75218450346413e-05,0.0067129727505959,0.0060244234384622,0.0001710909562011,0.011777145176484,"paired-fold interval transformed; reliability assumed, not estimated"
reliability_scenario,O+S-minus-O,0.58,0.0034339213599235,9.75218450346413e-05,0.0067129727505959,0.0059205540688336,0.0001681411121286,0.0115740909493032,"paired-fold interval transformed; reliability assumed, not estimated"
reliability_scenario,O+S-minus-O,0.59,0.0034339213599235,9.75218450346413e-05,0.0067129727505959,0.0058202056947855,0.0001652912627705,0.0113779199162642,"paired-fold interval transformed; reliability assumed, not estimated"
reliability_scenario,O+S-minus-O,0.6,0.0034339213599235,9.75218450346413e-05,0.0067129727505959,0.0057232022665391,0.000162536408391,0.0111882879176598,"paired-fold interval transformed; reliability assumed, not estimated"
reliability_scenario,O+S-minus-O,0.61,0.0034339213599235,9.75218450346413e-05,0.0067129727505959,0.0056293792785631,0.0001598718771059,0.0110048733616326,"paired-fold interval transformed; reliability assumed, not estimated"
reliability_scenario,O+S-minus-O,0.62,0.0034339213599235,9.75218450346413e-05,0.0067129727505959,0.0055385828385862,0.0001572932984429,0.0108273754041869,"paired-fold interval transformed; reliability assumed, not estimated"
reliability_scenario,O+S-minus-O,0.63,0.0034339213599235,9.75218450346413e-05,0.0067129727505959,0.0054506688252753,0.00015479657942,0.0106555123025331,"paired-fold interval transformed; reliability assumed, not estimated"
reliability_scenario,O+S-minus-O,0.64,0.0034339213599235,9.75218450346413e-05,0.0067129727505959,0.0053655021248804,0.0001523778828666,0.010489019922806,"paired-fold interval transformed; reliability assumed, not estimated"
reliability_scenario,O+S-minus-O,0.65,0.0034339213599235,9.75218450346413e-05,0.0067129727505959,0.0052829559383438,0.0001500336077456,0.0103276503855321,"paired-fold interval transformed; reliability assumed, not estimated"
reliability_scenario,O+S-minus-O,0.66,0.0034339213599235,9.75218450346413e-05,0.0067129727505959,0.0052029111513992,0.0001477603712646,0.0101711708342362,"paired-fold interval transformed; reliability assumed, not estimated"
reliability_scenario,O+S-minus-O,0.67,0.0034339213599235,9.75218450346413e-05,0.0067129727505959,0.0051252557610798,0.000145554992589,0.0100193623143222,"paired-fold interval transformed; reliability assumed, not estimated"
reliability_scenario,O+S-minus-O,0.68,0.0034339213599235,9.75218450346413e-05,0.0067129727505959,0.0050498843528286,0.0001434144779921,0.0098720187508763,"paired-fold interval transformed; reliability assumed, not estimated"
reliability_scenario,O+S-minus-O,0.69,0.0034339213599235,9.75218450346413e-05,0.0067129727505959,0.0049766976230775,0.0001413360072965,0.0097289460153563,"paired-fold interval transformed; reliability assumed, not estimated"
reliability_scenario,O+S-minus-O,0.7,0.0034339213599235,9.75218450346413e-05,0.0067129727505959,0.0049056019427478,0.000139316921478,0.0095899610722798,"paired-fold interval transformed; reliability assumed, not estimated"
reliability_scenario,O+S-minus-O,0.71,0.0034339213599235,9.75218450346413e-05,0.0067129727505959,0.0048365089576387,0.0001373547113163,0.0094548911980223,"paired-fold interval transformed; reliability assumed, not estimated"
reliability_scenario,O+S-minus-O,0.72,0.0034339213599235,9.75218450346413e-05,0.0067129727505959,0.0047693352221159,0.0001354470069925,0.0093235732647165,"paired-fold interval transformed; reliability assumed, not estimated"
reliability_scenario,O+S-minus-O,0.73,0.0034339213599235,9.75218450346413e-05,0.0067129727505959,0.0047040018629089,0.0001335915685406,0.009195853083008,"paired-fold interval transformed; reliability assumed, not estimated"
reliability_scenario,O+S-minus-O,0.74,0.0034339213599235,9.75218450346413e-05,0.0067129727505959,0.0046404342701668,0.0001317862770738,0.0090715847981025,"paired-fold interval transformed; reliability assumed, not estimated"
reliability_scenario,O+S-minus-O,0.75,0.0034339213599235,9.75218450346413e-05,0.0067129727505959,0.0045785618132313,0.0001300291267128,0.0089506303341278,"paired-fold interval transformed; reliability assumed, not estimated"
reliability_scenario,O+S-minus-O,0.76,0.0034339213599235,9.75218450346413e-05,0.0067129727505959,0.0045183175788467,0.0001283182171508,0.008832858882363,"paired-fold interval transformed; reliability assumed, not estimated"
reliability_scenario,O+S-minus-O,0.77,0.0034339213599235,9.75218450346413e-05,0.0067129727505959,0.0044596381297707,0.0001266517467982,0.0087181464293453,"paired-fold interval transformed; reliability assumed, not estimated"
reliability_scenario,O+S-minus-O,0.78,0.0034339213599235,9.75218450346413e-05,0.0067129727505959,0.0044024632819532,0.0001250280064546,0.0086063753212767,"paired-fold interval transformed; reliability assumed, not estimated"
reliability_scenario,O+S-minus-O,0.79,0.0034339213599235,9.75218450346413e-05,0.0067129727505959,0.0043467358986373,0.0001234453734615,0.0084974338615137,"paired-fold interval transformed; reliability assumed, not estimated"
reliability_scenario,O+S-minus-O,0.8,0.0034339213599235,9.75218450346413e-05,0.0067129727505959,0.0042924016999043,0.0001219023062933,0.0083912159382448,"paired-fold interval transformed; reliability assumed, not estimated"
reliability_scenario,O+S-minus-O,0.81,0.0034339213599235,9.75218450346413e-05,0.0067129727505959,0.0042394090863253,0.0001203973395489,0.008287620679748,"paired-fold interval transformed; reliability assumed, not estimated"
reliability_scenario,O+S-minus-O,0.82,0.0034339213599235,9.75218450346413e-05,0.0067129727505959,0.0041877089755164,0.0001189290793105,0.008186552134873,"paired-fold interval transformed; reliability assumed, not estimated"
reliability_scenario,O+S-minus-O,0.83,0.0034339213599235,9.75218450346413e-05,0.0067129727505959,0.0041372546505102,0.0001174961988369,0.0080879189766215,"paired-fold interval transformed; reliability assumed, not estimated"
reliability_scenario,O+S-minus-O,0.84,0.0034339213599235,9.75218450346413e-05,0.0067129727505959,0.0040880016189565,0.000116097434565,0.0079916342268998,"paired-fold interval transformed; reliability assumed, not estimated"
reliability_scenario,O+S-minus-O,0.85,0.0034339213599235,9.75218450346413e-05,0.0067129727505959,0.0040399074822629,0.0001147315823936,0.007897615000701,"paired-fold interval transformed; reliability assumed, not estimated"
reliability_scenario,O+S-minus-O,0.86,0.0034339213599235,9.75218450346413e-05,0.0067129727505959,0.0039929318138645,0.0001133974942263,0.0078057822681347,"paired-fold interval transformed; reliability assumed, not estimated"
reliability_scenario,O+S-minus-O,0.87,0.0034339213599235,9.75218450346413e-05,0.0067129727505959,0.003947036045889,0.0001120940747524,0.0077160606328688,"paired-fold interval transformed; reliability assumed, not estimated"
reliability_scenario,O+S-minus-O,0.88,0.0034339213599235,9.75218450346413e-05,0.0067129727505959,0.0039021833635494,0.0001108202784484,0.0076283781256771,"paired-fold interval transformed; reliability assumed, not estimated"
reliability_scenario,O+S-minus-O,0.89,0.0034339213599235,9.75218450346413e-05,0.0067129727505959,0.0038583386066556,0.0001095751067804,0.0075426660119055,"paired-fold interval transformed; reliability assumed, not estimated"
reliability_scenario,O+S-minus-O,0.9,0.0034339213599235,9.75218450346413e-05,0.0067129727505959,0.0038154681776927,0.000108357605594,0.0074588586117732,"paired-fold interval transformed; reliability assumed, not estimated"
reliability_scenario,O+S-minus-O,0.91,0.0034339213599235,9.75218450346413e-05,0.0067129727505959,0.0037735399559598,0.0001071668626754,0.0073768931325229,"paired-fold interval transformed; reliability assumed, not estimated"
reliability_scenario,O+S-minus-O,0.92,0.0034339213599235,9.75218450346413e-05,0.0067129727505959,0.0037325232173081,0.0001060020054724,0.0072967095115172,"paired-fold interval transformed; reliability assumed, not estimated"
reliability_scenario,O+S-minus-O,0.93,0.0034339213599235,9.75218450346413e-05,0.0067129727505959,0.0036923885590575,0.0001048621989619,0.0072182502694579,"paired-fold interval transformed; reliability assumed, not estimated"
reliability_scenario,O+S-minus-O,0.94,0.0034339213599235,9.75218450346413e-05,0.0067129727505959,0.0036531078297058,0.0001037466436538,0.0071414603729743,"paired-fold interval transformed; reliability assumed, not estimated"
reliability_scenario,O+S-minus-O,0.95,0.0034339213599235,9.75218450346413e-05,0.0067129727505959,0.0036146540630773,0.0001026545737206,0.0070662871058904,"paired-fold interval transformed; reliability assumed, not estimated"
reliability_scenario,O+S-minus-O,0.96,0.0034339213599235,9.75218450346413e-05,0.0067129727505959,0.0035770014165869,0.0001015852552444,0.0069926799485373,"paired-fold interval transformed; reliability assumed, not estimated"
reliability_scenario,O+S-minus-O,0.97,0.0034339213599235,9.75218450346413e-05,0.0067129727505959,0.0035401251133231,0.0001005379845717,0.0069205904645318,"paired-fold interval transformed; reliability assumed, not estimated"
reliability_scenario,O+S-minus-O,0.98,0.0034339213599235,9.75218450346413e-05,0.0067129727505959,0.003504001387677,9.951208677004217e-05,0.0068499721944856,"paired-fold interval transformed; reliability assumed, not estimated"
reliability_scenario,O+S-minus-O,0.99,0.0034339213599235,9.75218450346413e-05,0.0067129727505959,0.0034686074342661,9.850691417640536e-05,0.0067807805561574,"paired-fold interval transformed; reliability assumed, not estimated"
reliability_scenario,O+S-minus-O,1.0,0.0034339213599235,9.75218450346413e-05,0.0067129727505959,0.0034339213599235,9.75218450346413e-05,0.0067129727505959,"paired-fold interval transformed; reliability assumed, not estimated"
quality_screen,O_R,,0.0490647250232356,,,0.0490647250232356,,,"sample restriction, not a reliability estimate"
quality_screen,ALL_R,,0.0496212218683623,,,0.0496212218683623,,,"sample restriction, not a reliability estimate"
quality_screen,O_C,,0.041962391412155,,,0.041962391412155,,,"sample restriction, not a reliability estimate"
quality_screen,ALL_C,,0.04486252429581,,,0.04486252429581,,,"sample restriction, not a reliability estimate"
quality_screen,O_Q1,,0.0225197296442767,,,0.0225197296442767,,,"sample restriction, not a reliability estimate"
quality_screen,ALL_Q1,,0.0226216474062044,,,0.0226216474062044,,,"sample restriction, not a reliability estimate"
quality_screen,O_Q2,,0.0225568534725153,,,0.0225568534725153,,,"sample restriction, not a reliability estimate"
quality_screen,ALL_Q2,,0.0100404307001505,,,0.0100404307001505,,,"sample restriction, not a reliability estimate"
