sample,variable,specification,se_type,amount,effect_or_wald,se,lo,hi,p,N
R,income_h,primary,HC1,200,-0.2506690693084836,0.0959798843513572,-0.4387861858774634,-0.0625519527395038,0.0090097651774119,5497
R,income_h,primary,HC1,1000,-0.1425867062844008,0.0869710935550272,-0.3130469173483179,0.0278735047795162,0.1011149170280915,5497
R,income_h,primary,HC1,5000,-0.0618299336714159,0.0848017611787026,-0.2280383314072401,0.1043784640644082,0.4659335011706532,5497
R,income_h,primary,HC1,joint,15.204534357256223,,,,0.018724179463606,5497
R,income_h,primary,HC3,200,-0.2506690693084836,0.0966189946414102,-0.4400388190281162,-0.061299319588851,0.0094754035442108,5497
R,income_h,primary,HC3,1000,-0.1425867062844008,0.0874514551243231,-0.3139884087236949,0.0288149961548932,0.1030028472833091,5497
R,income_h,primary,HC3,5000,-0.0618299336714159,0.0853169960341403,-0.2290481731674776,0.1053883058246458,0.4686310128207906,5497
R,income_h,primary,HC3,joint,15.025161335554104,,,,0.0200619166577967,5497
R,income_h,primary,province_cluster,200,-0.2506690693084836,0.1037128712729642,-0.4539425617367324,-0.0473955768802349,0.0156510652589597,5497
R,income_h,primary,province_cluster,1000,-0.1425867062844008,0.0828886909466605,-0.3050455552655268,0.0198721426967251,0.0853926291115495,5497
R,income_h,primary,province_cluster,5000,-0.0618299336714159,0.0858067014035391,-0.2300079780545351,0.1063481107117032,0.4711726909565429,5497
R,income_h,primary,province_cluster,joint,13.70205967831141,,,,0.0331472935533398,5497
R,income_h,primary,city_cluster,200,-0.2506690693084836,0.091351707645232,-0.4297151262193707,-0.0716230123975966,0.0060695571253603,5497
R,income_h,primary,city_cluster,1000,-0.1425867062844008,0.0863036321359669,-0.3117387170058896,0.0265653044370879,0.0985035973927662,5497
R,income_h,primary,city_cluster,5000,-0.0618299336714159,0.080890120924596,-0.220371657388714,0.0967117900458822,0.4446471352322783,5497
R,income_h,primary,city_cluster,joint,15.570391530857224,,,,0.0162553470473955,5497
R,income_h,controls,HC1,200,-0.2606572541629878,0.0954384652409576,-0.4477132087750425,-0.073601299550933,0.0063112755816588,5497
R,income_h,controls,HC1,1000,-0.1388534482052062,0.0863896751408369,-0.3081741001173619,0.0304672037069494,0.1079902916775372,5497
R,income_h,controls,HC1,5000,-0.0383874887416524,0.0822043702541506,-0.1995050938115833,0.1227301163282785,0.6405168686089326,5497
R,income_h,controls,HC1,joint,14.88073554247464,,,,0.0212048850083684,5497
R,income_h,controls,HC3,200,-0.2606572541629878,0.0965219404655304,-0.4498367811933467,-0.0714777271326288,0.0069235867635128,5497
R,income_h,controls,HC3,1000,-0.1388534482052062,0.0871857534139904,-0.3097343848616176,0.032027488451205,0.111246304414252,5497
R,income_h,controls,HC3,5000,-0.0383874887416524,0.0830865596422907,-0.2012341532398815,0.1244591757565767,0.6440683896693038,5497
R,income_h,controls,HC3,joint,14.583112854699865,,,,0.0237591512630275,5497
R,income_h,controls,province_cluster,200,-0.2606572541629878,0.1014468859217975,-0.4594894969134543,-0.0618250114125212,0.0101875875300516,5497
R,income_h,controls,province_cluster,1000,-0.1388534482052062,0.0870452045903362,-0.3094589142291858,0.0317520178187732,0.1106702466307601,5497
R,income_h,controls,province_cluster,5000,-0.0383874887416524,0.0811803168378694,-0.1974979859974269,0.1207230085141221,0.636308106176599,5497
R,income_h,controls,province_cluster,joint,12.589487723715417,,,,0.0500383785101582,5497
R,income_h,controls,city_cluster,200,-0.2606572541629878,0.0905045747899834,-0.4380429611874671,-0.0832715471385084,0.0039761832964566,5497
R,income_h,controls,city_cluster,1000,-0.1388534482052062,0.0854698993241687,-0.3063713726428414,0.0286644762324288,0.1042501876514494,5497
R,income_h,controls,city_cluster,5000,-0.0383874887416524,0.0739397048560097,-0.1833066472869527,0.1065316698036479,0.6036401965818202,5497
R,income_h,controls,city_cluster,joint,15.130412662517967,,,,0.0192662919776336,5497
R,income_h,province_FE,HC1,200,-0.238960787396941,0.0960982851231631,-0.427309965214402,-0.0506116095794799,0.0128959788095763,5497
R,income_h,province_FE,HC1,1000,-0.1374330877804067,0.0874278787482313,-0.3087885813716749,0.0339224058108615,0.1159599355475391,5497
R,income_h,province_FE,HC1,5000,-0.0632180042938495,0.085482469654245,-0.2307605661257078,0.1043245575380087,0.4595770390979308,5497
R,income_h,province_FE,HC1,joint,14.851764946344316,,,,0.0214415189263419,5497
R,income_h,province_FE,HC3,200,-0.238960787396941,0.0969749243928889,-0.4290281466104981,-0.0488934281833838,0.0137338513802088,5497
R,income_h,province_FE,HC3,1000,-0.1374330877804067,0.0881480138762104,-0.310200020286516,0.0353338447257026,0.1189686348088604,5497
R,income_h,province_FE,HC3,5000,-0.0632180042938495,0.0862548634549957,-0.2322744301570614,0.1058384215693622,0.463606589206166,5497
R,income_h,province_FE,HC3,joint,14.603654044736595,,,,0.0235738383907045,5497
R,income_h,province_FE,province_cluster,200,-0.238960787396941,0.1033562376173833,-0.4415352907045762,-0.0363862840893057,0.0207770616156792,5497
R,income_h,province_FE,province_cluster,1000,-0.1374330877804067,0.0844943782062558,-0.3030390259607742,0.0281728503999608,0.1038358328685255,5497
R,income_h,province_FE,province_cluster,5000,-0.0632180042938495,0.0880620959229883,-0.2358165407060182,0.1093805321183191,0.4728313725501902,5497
R,income_h,province_FE,province_cluster,joint,13.447245036059211,,,,0.0364585810498413,5497
R,income_h,province_FE,city_cluster,200,-0.238960787396941,0.0910320517822055,-0.4173803303288491,-0.0605412444650328,0.0086644350625502,5497
R,income_h,province_FE,city_cluster,1000,-0.1374330877804067,0.0877883749225095,-0.3094951408898245,0.0346289653290111,0.117464684980602,5497
R,income_h,province_FE,city_cluster,5000,-0.0632180042938495,0.0825851008741521,-0.225081827666795,0.0986458190790959,0.4439802843259525,5497
R,income_h,province_FE,city_cluster,joint,15.263786940537338,,,,0.0183013390340696,5497
R,income_h,citytier_FE,HC1,200,-0.2560734912164875,0.0959111851477303,-0.444055959820592,-0.068091022612383,0.0075873326545746,5497
R,income_h,citytier_FE,HC1,1000,-0.1416155282999573,0.0869905430373897,-0.3121138596488227,0.028882803048908,0.1035372585298496,5497
R,income_h,citytier_FE,HC1,5000,-0.0607626029071572,0.0847211034894861,-0.2268129144770408,0.1052877086627263,0.4732461299320749,5497
R,income_h,citytier_FE,HC1,joint,15.521020192416843,,,,0.0165693070989221,5497
R,income_h,citytier_FE,HC3,200,-0.2560734912164875,0.0965860328066667,-0.4453786369271584,-0.0667683455058166,0.0080195018723955,5497
R,income_h,citytier_FE,HC3,1000,-0.1416155282999573,0.0875026179895805,-0.3131175081125019,0.0298864515125871,0.1055732436823595,5497
R,income_h,citytier_FE,HC3,5000,-0.0607626029071572,0.0852725439124612,-0.2278937178456915,0.1063685120313771,0.4761122710721585,5497
R,income_h,citytier_FE,HC3,joint,15.326909300941292,,,,0.0178609377772809,5497
R,income_h,citytier_FE,province_cluster,200,-0.2560734912164875,0.1033268334889957,-0.4585903634914863,-0.0535566189414888,0.013201511165511,5497
R,income_h,citytier_FE,province_cluster,1000,-0.1416155282999573,0.0829809106081568,-0.3042551244962824,0.0210240678963676,0.0878957387332408,5497
R,income_h,citytier_FE,province_cluster,5000,-0.0607626029071572,0.0851751176229559,-0.2277027658271138,0.1061775600127993,0.475607903851822,5497
R,income_h,citytier_FE,province_cluster,joint,14.07925100442692,,,,0.0287633065299125,5497
R,income_h,citytier_FE,city_cluster,200,-0.2560734912164875,0.0911988508045183,-0.4348199542247852,-0.0773270282081898,0.0049872096282704,5497
R,income_h,citytier_FE,city_cluster,1000,-0.1416155282999573,0.0865951258367472,-0.311338856176696,0.0281077995767812,0.1019704008958641,5497
R,income_h,citytier_FE,city_cluster,5000,-0.0607626029071572,0.0807166277213399,-0.2189642861945108,0.0974390803801964,0.4515766178253969,5497
R,income_h,citytier_FE,city_cluster,joint,16.021638025570308,,,,0.0136382977547018,5497
R,q43_edu,primary,HC1,200,-0.0824380678136494,0.0907122440915131,-0.2602307991898214,0.0953546635625226,0.3634628048973871,5497
R,q43_edu,primary,HC1,1000,-0.2615219892967513,0.0877167500953544,-0.4334436603245464,-0.0896003182689562,0.0028689880275641,5497
R,q43_edu,primary,HC1,5000,-0.1104649015566688,0.0862305559769832,-0.279473685638421,0.0585438825250834,0.200179168100284,5497
R,q43_edu,primary,HC1,joint,12.641220377170042,,,,0.0491006883225662,5497
R,q43_edu,primary,HC3,200,-0.0824380678136494,0.0911436322961187,-0.2610763045342038,0.0962001689069049,0.3657381709084121,5497
R,q43_edu,primary,HC3,1000,-0.2615219892967513,0.0881125410866867,-0.434219396412963,-0.0888245821805396,0.0029970042512437,5497
R,q43_edu,primary,HC3,5000,-0.1104649015566688,0.0866027730888338,-0.2802032177720777,0.0592734146587401,0.2021198077699474,5497
R,q43_edu,primary,HC3,joint,12.526128717242294,,,,0.0512095761096891,5497
R,q43_edu,primary,province_cluster,200,-0.0824380678136494,0.113443612446695,-0.3047834624852914,0.1399073268579925,0.4674173439839326,5497
R,q43_edu,primary,province_cluster,1000,-0.2615219892967513,0.1075591693146944,-0.4723340873605982,-0.0507098912329044,0.0150395863328798,5497
R,q43_edu,primary,province_cluster,5000,-0.1104649015566688,0.0930190310596549,-0.292778852310405,0.0718490491970674,0.2350101057984333,5497
R,q43_edu,primary,province_cluster,joint,17.82051741977847,,,,0.0066967393091166,5497
R,q43_edu,primary,city_cluster,200,-0.0824380678136494,0.0919242465335532,-0.2626062803253947,0.0977301446980958,0.3698233051734497,5497
R,q43_edu,primary,city_cluster,1000,-0.2615219892967513,0.0960171800212038,-0.4497122040354097,-0.0733317745580928,0.0064555123986652,5497
R,q43_edu,primary,city_cluster,5000,-0.1104649015566688,0.0874323766272008,-0.281829210828724,0.0608994077153864,0.2064338094607495,5497
R,q43_edu,primary,city_cluster,joint,12.162069890451464,,,,0.0584493618512524,5497
R,q43_edu,controls,HC1,200,-0.0872194954904021,0.0895094495651924,-0.2626547929141837,0.0882158019333794,0.3298497195484352,5497
R,q43_edu,controls,HC1,1000,-0.2509189244837784,0.0866178279080776,-0.420686747602699,-0.0811511013648579,0.0037692896321181,5497
R,q43_edu,controls,HC1,5000,-0.095901368327936,0.083770558545397,-0.2600886460417183,0.0682859093858462,0.252287895745418,5497
R,q43_edu,controls,HC1,joint,11.398859019127109,,,,0.0768041922907317,5497
R,q43_edu,controls,HC3,200,-0.0872194954904021,0.0903874839439581,-0.2643757086737525,0.0899367176929482,0.3345693414173168,5497
R,q43_edu,controls,HC3,1000,-0.2509189244837784,0.0873486878023245,-0.4221192066731676,-0.0797186422943892,0.0040709322411027,5497
R,q43_edu,controls,HC3,5000,-0.095901368327936,0.0844985870666403,-0.2615155557230731,0.069712819067201,0.2563977714114476,5497
R,q43_edu,controls,HC3,joint,11.202040016908354,,,,0.0823292803468243,5497
R,q43_edu,controls,province_cluster,200,-0.0872194954904021,0.1158412045000237,-0.3142640842361879,0.1398250932553837,0.4514962469194954,5497
R,q43_edu,controls,province_cluster,1000,-0.2509189244837784,0.1042285482933676,-0.4552031252996726,-0.0466347236678842,0.0160669342385591,5497
R,q43_edu,controls,province_cluster,5000,-0.095901368327936,0.0859186265744332,-0.2642987820149711,0.072496045359099,0.2643415286712137,5497
R,q43_edu,controls,province_cluster,joint,13.607635420663073,,,,0.0343397520465128,5497
R,q43_edu,controls,city_cluster,200,-0.0872194954904021,0.0901062471913821,-0.2638244947675744,0.0893855037867702,0.3330629476470876,5497
R,q43_edu,controls,city_cluster,1000,-0.2509189244837784,0.0937253478495566,-0.4346172307073981,-0.0672206182601587,0.0074246396697649,5497
R,q43_edu,controls,city_cluster,5000,-0.095901368327936,0.0837597020424931,-0.2600673676870286,0.0682646310311565,0.2522264204768438,5497
R,q43_edu,controls,city_cluster,joint,10.864203354291462,,,,0.0926651615686189,5497
R,q43_edu,province_FE,HC1,200,-0.0711265095749532,0.0911677833076202,-0.2498120814082409,0.1075590622583345,0.4352899138649708,5497
R,q43_edu,province_FE,HC1,1000,-0.2709157066706077,0.0883419935025925,-0.4440628322581605,-0.0977685810830548,0.002164579658008,5497
R,q43_edu,province_FE,HC1,5000,-0.1077480037868605,0.0865590038802901,-0.2774005339298919,0.0619045263561708,0.2132080127114627,5497
R,q43_edu,province_FE,HC1,joint,13.15100522184006,,,,0.0406996699837508,5497
R,q43_edu,province_FE,HC3,200,-0.0711265095749532,0.0918278365820398,-0.2511057620539808,0.1088527429040744,0.4385975094700328,5497
R,q43_edu,province_FE,HC3,1000,-0.2709157066706077,0.0890089426074852,-0.4453700284832714,-0.096461384857944,0.0023369513530423,5497
R,q43_edu,province_FE,HC3,5000,-0.1077480037868605,0.0871537593097809,-0.2785662331513037,0.0630702255775826,0.2163478762613132,5497
R,q43_edu,province_FE,HC3,joint,12.952392255764773,,,,0.0437982218618059,5497
R,q43_edu,province_FE,province_cluster,200,-0.0711265095749532,0.1131637838640016,-0.2929234503026713,0.1506704311527649,0.5296586723809595,5497
R,q43_edu,province_FE,province_cluster,1000,-0.2709157066706077,0.1087754855738758,-0.4841117407962605,-0.0577196725449548,0.0127529310800639,5497
R,q43_edu,province_FE,province_cluster,5000,-0.1077480037868605,0.0960078188276432,-0.2959198709232878,0.0804238633495667,0.2617418625500655,5497
R,q43_edu,province_FE,province_cluster,joint,16.88240639922944,,,,0.0097252740209819,5497
R,q43_edu,province_FE,city_cluster,200,-0.0711265095749532,0.0920337415394023,-0.2515093283546497,0.1092563092047433,0.4396225262034295,5497
R,q43_edu,province_FE,city_cluster,1000,-0.2709157066706077,0.0958535799788858,-0.4587852712184534,-0.0830461421227619,0.0047081879783894,5497
R,q43_edu,province_FE,city_cluster,5000,-0.1077480037868605,0.088751976581635,-0.2816986814436076,0.0662026738698865,0.2247343682263974,5497
R,q43_edu,province_FE,city_cluster,joint,12.513789607451844,,,,0.0514406204664145,5497
R,q43_edu,citytier_FE,HC1,200,-0.0787328250899831,0.090699390040501,-0.256500362989116,0.0990347128091498,0.3853596006257465,5497
R,q43_edu,citytier_FE,HC1,1000,-0.2623707223204569,0.0877092698258866,-0.4342777322895005,-0.0904637123514132,0.0027773038052167,5497
R,q43_edu,citytier_FE,HC1,5000,-0.1109655095476086,0.0860267954473583,-0.2795749303298253,0.0576439112346081,0.1970872129729552,5497
R,q43_edu,citytier_FE,HC1,joint,12.657734678862578,,,,0.0488048279649909,5497
R,q43_edu,citytier_FE,HC3,200,-0.0787328250899831,0.0911654793586324,-0.2574138812662324,0.0999482310862662,0.3877936971634012,5497
R,q43_edu,citytier_FE,HC3,1000,-0.2623707223204569,0.0881386139209187,-0.4351192312527383,-0.0896222133881754,0.0029127722649224,5497
R,q43_edu,citytier_FE,HC3,5000,-0.1109655095476086,0.0864288781803283,-0.2803629980052519,0.0584319789100346,0.1991790816378135,5497
R,q43_edu,citytier_FE,HC3,joint,12.53318780552308,,,,0.0510778334417671,5497
R,q43_edu,citytier_FE,province_cluster,200,-0.0787328250899831,0.1137287101600258,-0.3016370010118282,0.144171350831862,0.488757567730935,5497
R,q43_edu,citytier_FE,province_cluster,1000,-0.2623707223204569,0.1082458388032635,-0.4745286678511817,-0.050212776789732,0.015357319829053,5497
R,q43_edu,citytier_FE,province_cluster,5000,-0.1109655095476086,0.0944507020965128,-0.2960854839712954,0.0741544648760782,0.2400542993694983,5497
R,q43_edu,citytier_FE,province_cluster,joint,17.513011668097977,,,,0.0075717293726773,5497
R,q43_edu,citytier_FE,city_cluster,200,-0.0787328250899831,0.0920769016515985,-0.2592002361351528,0.1017345859551866,0.3925086162183812,5497
R,q43_edu,citytier_FE,city_cluster,1000,-0.2623707223204569,0.0958994730438125,-0.4503302356226992,-0.0744112090182145,0.0062211201133467,5497
R,q43_edu,citytier_FE,city_cluster,5000,-0.1109655095476086,0.0878547352898511,-0.283157626587017,0.0612266074917997,0.2065688137905786,5497
R,q43_edu,citytier_FE,city_cluster,joint,12.152508772289844,,,,0.0586517292438529,5497
R,q30_medexp,primary,HC1,200,0.2556925423925825,0.0966094379147614,0.0663415235129917,0.4450435612721733,0.0081290523083284,5497
R,q30_medexp,primary,HC1,1000,0.0325893980879647,0.0884794038240322,-0.140827046780714,0.2060058429566435,0.7126290455966098,5497
R,q30_medexp,primary,HC1,5000,0.1282288393930063,0.0883270705387897,-0.0448890377229503,0.3013467165089631,0.1465710847078677,5497
R,q30_medexp,primary,HC1,joint,11.064757140287924,,,,0.086395535400112,5497
R,q30_medexp,primary,HC3,200,0.2556925423925825,0.0971086338613999,0.0653631174363519,0.4460219673488131,0.0084620210829632,5497
R,q30_medexp,primary,HC3,1000,0.0325893980879647,0.0889532818423544,-0.1417558306296907,0.2069346268056202,0.7140924897579009,5497
R,q30_medexp,primary,HC3,5000,0.1282288393930063,0.088803642373938,-0.0458231013558872,0.3022807801418999,0.1487504429394348,5497
R,q30_medexp,primary,HC3,joint,10.950936768584628,,,,0.0899046784336496,5497
R,q30_medexp,primary,province_cluster,200,0.2556925423925825,0.10045698199803,0.0588004756808551,0.45258460910431,0.0109185800690046,5497
R,q30_medexp,primary,province_cluster,1000,0.0325893980879647,0.0846033011789341,-0.1332300251959412,0.1984088213718707,0.700087435349807,5497
R,q30_medexp,primary,province_cluster,5000,0.1282288393930063,0.0735350540984563,-0.0158972182411724,0.2723548970271852,0.081197737352386,5497
R,q30_medexp,primary,province_cluster,joint,17.45540584730619,,,,0.0077475214090346,5497
R,q30_medexp,primary,city_cluster,200,0.2556925423925825,0.0957618611358927,0.0680027434737067,0.4433823413114583,0.00758314970401,5497
R,q30_medexp,primary,city_cluster,1000,0.0325893980879647,0.0914405559086601,-0.1466307982193302,0.2118095943952598,0.7215411607038119,5497
R,q30_medexp,primary,city_cluster,5000,0.1282288393930063,0.0863983296585647,-0.0411087750621993,0.297566453848212,0.1377668027383023,5497
R,q30_medexp,primary,city_cluster,joint,10.0769827618187,,,,0.1214473202841505,5497
R,q30_medexp,controls,HC1,200,0.206207804012139,0.0955818511014818,0.0188708182775645,0.3935447897467135,0.0309749034516281,5497
R,q30_medexp,controls,HC1,1000,0.0182231848591769,0.0863187359516775,-0.1509584287971339,0.1874047985154877,0.8327974912395356,5497
R,q30_medexp,controls,HC1,5000,0.1061066224889875,0.0871347682470082,-0.0646743850763929,0.2768876300543681,0.2233265877400205,5497
R,q30_medexp,controls,HC1,joint,8.339558670488076,,,,0.2142667356450106,5497
R,q30_medexp,controls,HC3,200,0.206207804012139,0.0964798851407527,0.0171107039037025,0.3953049041205754,0.0325724653162712,5497
R,q30_medexp,controls,HC3,1000,0.0182231848591769,0.0870679945103669,-0.1524269485872733,0.1888733183056272,0.8342153642367666,5497
R,q30_medexp,controls,HC3,5000,0.1061066224889875,0.0879326589373808,-0.066238222093123,0.2784514670710982,0.2275552219823415,5497
R,q30_medexp,controls,HC3,joint,8.1846321877667,,,,0.2248864059322286,5497
R,q30_medexp,controls,province_cluster,200,0.206207804012139,0.0962370557855367,0.0175866406943149,0.3948289673299631,0.0321366405265364,5497
R,q30_medexp,controls,province_cluster,1000,0.0182231848591769,0.0852098419045231,-0.1487850364020403,0.1852314061203942,0.8306543296574453,5497
R,q30_medexp,controls,province_cluster,5000,0.1061066224889875,0.0725860487325317,-0.0361594188068439,0.2483726637848191,0.1437947535631585,5497
R,q30_medexp,controls,province_cluster,joint,14.893388071865395,,,,0.0211023218658884,5497
R,q30_medexp,controls,city_cluster,200,0.206207804012139,0.0934784769844956,0.0229933557928712,0.3894222522314068,0.0273882815751727,5497
R,q30_medexp,controls,city_cluster,1000,0.0182231848591769,0.0907293416908619,-0.1596030571959409,0.1960494269142948,0.8408141708924084,5497
R,q30_medexp,controls,city_cluster,5000,0.1061066224889875,0.0853045396183384,-0.0610872028807259,0.273300447858701,0.2135523108181314,5497
R,q30_medexp,controls,city_cluster,joint,7.418186786462458,,,,0.2838974284836514,5497
R,q30_medexp,province_FE,HC1,200,0.2461428140357133,0.0975282339165394,0.0549909880834982,0.4372946399879284,0.0116090376602814,5497
R,q30_medexp,province_FE,HC1,1000,0.0279223375042625,0.0890578903594122,-0.1466279201393023,0.2024725951478272,0.7538778859006365,5497
R,q30_medexp,province_FE,HC1,5000,0.1185258265012564,0.0890564141392596,-0.056021537803976,0.2930731908064889,0.1832195341189039,5497
R,q30_medexp,province_FE,HC1,joint,10.395728799128356,,,,0.1089460365976288,5497
R,q30_medexp,province_FE,HC3,200,0.2461428140357133,0.0983354615071868,0.0534088510785022,0.4388767769929243,0.0123113158234355,5497
R,q30_medexp,province_FE,HC3,1000,0.0279223375042625,0.0898446882966762,-0.1481700157594502,0.2040146907679752,0.7559644455579545,5497
R,q30_medexp,province_FE,HC3,5000,0.1185258265012564,0.0897153982583663,-0.057313122943809,0.2943647759463219,0.1864575667564562,5497
R,q30_medexp,province_FE,HC3,joint,10.234162888934868,,,,0.1151309981151932,5497
R,q30_medexp,province_FE,province_cluster,200,0.2461428140357133,0.1024165363338192,0.0454100914000897,0.4468755366713369,0.0162456166978936,5497
R,q30_medexp,province_FE,province_cluster,1000,0.0279223375042625,0.0850595938442562,-0.1387914029700846,0.1946360779786096,0.7427090837234667,5497
R,q30_medexp,province_FE,province_cluster,5000,0.1185258265012564,0.0729520972722572,-0.0244576567490304,0.2615093097515433,0.104224878302601,5497
R,q30_medexp,province_FE,province_cluster,joint,16.26320524240875,,,,0.0124088379985143,5497
R,q30_medexp,province_FE,city_cluster,200,0.2461428140357133,0.0964370788162518,0.0571296127816091,0.4351560152898175,0.0106993761642362,5497
R,q30_medexp,province_FE,city_cluster,1000,0.0279223375042625,0.0908510525209227,-0.150142453394303,0.205987128402828,0.758583126210076,5497
R,q30_medexp,province_FE,city_cluster,5000,0.1185258265012564,0.0880848473221987,-0.0541173018339625,0.2911689548364755,0.1784357426402993,5497
R,q30_medexp,province_FE,city_cluster,joint,9.34143787208736,,,,0.1552667528967155,5497
R,q30_medexp,citytier_FE,HC1,200,0.2539011178320521,0.0963853777245499,0.0649892488556449,0.4428129868084592,0.0084328692697227,5497
R,q30_medexp,citytier_FE,HC1,1000,0.0300030390771297,0.0887649688071692,-0.1439731028737433,0.2039791810280028,0.7353591159640336,5497
R,q30_medexp,citytier_FE,HC1,5000,0.1258220772018372,0.0882858768680172,-0.0472150618030143,0.2988592162066887,0.1541090674606257,5497
R,q30_medexp,citytier_FE,HC1,joint,10.79188220366113,,,,0.0950254955026176,5497
R,q30_medexp,citytier_FE,HC3,200,0.2539011178320521,0.0969165142345759,0.0639482404251197,0.4438539952389845,0.0087983388406578,5497
R,q30_medexp,citytier_FE,HC3,1000,0.0300030390771297,0.0892756912849611,-0.1449741005363105,0.2049801786905699,0.73681675017463,5497
R,q30_medexp,citytier_FE,HC3,5000,0.1258220772018372,0.0887932302303043,-0.0482094561205323,0.2998536105242068,0.1564761118026473,5497
R,q30_medexp,citytier_FE,HC3,joint,10.673589787698797,,,,0.0990037660723171,5497
R,q30_medexp,citytier_FE,province_cluster,200,0.2539011178320521,0.0969827170979472,0.0638184851972386,0.4439837504668655,0.0088445831040303,5497
R,q30_medexp,citytier_FE,province_cluster,1000,0.0300030390771297,0.0835828211094102,-0.1338162800235684,0.1938223581778279,0.7196236740067721,5497
R,q30_medexp,citytier_FE,province_cluster,5000,0.1258220772018372,0.0738692639157844,-0.0189590196375843,0.2706031740412588,0.0885105227025129,5497
R,q30_medexp,citytier_FE,province_cluster,joint,17.508887335375128,,,,0.0075841859513581,5497
R,q30_medexp,citytier_FE,city_cluster,200,0.2539011178320521,0.0947868397980212,0.0681223256195626,0.4396799100445415,0.0073918801472904,5497
R,q30_medexp,citytier_FE,city_cluster,1000,0.0300030390771297,0.0908060602192317,-0.1479735685305398,0.2079796466847992,0.7410917779632868,5497
R,q30_medexp,citytier_FE,city_cluster,5000,0.1258220772018372,0.0862668136023949,-0.0432577705198868,0.2949019249235613,0.1446966144715599,5497
R,q30_medexp,citytier_FE,city_cluster,joint,9.912061548748394,,,,0.1284044820946291,5497
A,income_h,primary,HC1,200,-0.270553135842207,0.0953740349258377,-0.4574828093571143,-0.0836234623272997,0.0045574022045467,5480
A,income_h,primary,HC1,1000,-0.1520646028172221,0.0862772355645381,-0.3211648772093953,0.0170356715749509,0.0779829484779538,5480
A,income_h,primary,HC1,5000,-0.0458419175442804,0.0841414189263508,-0.2107560682480249,0.119072233159464,0.5858774062294474,5480
A,income_h,primary,HC1,joint,16.49931963825076,,,,0.0113106218559177,5480
A,income_h,primary,HC3,200,-0.270553135842207,0.0960059651171759,-0.4587213697728806,-0.0823849019115335,0.0048310758972781,5480
A,income_h,primary,HC3,1000,-0.1520646028172221,0.0867411525079649,-0.3220741377103296,0.0179449320758853,0.0795874387191203,5480
A,income_h,primary,HC3,5000,-0.0458419175442804,0.084640433301035,-0.2117341184501737,0.1200502833616128,0.5880887281417115,5480
A,income_h,primary,HC3,joint,16.304212411084485,,,,0.0122110098377511,5480
A,income_h,primary,province_cluster,200,-0.270553135842207,0.0999696181211996,-0.4664899869079811,-0.0746162847764329,0.0068026569477595,5480
A,income_h,primary,province_cluster,1000,-0.1520646028172221,0.0840277706018085,-0.3167560068979606,0.0126268012635162,0.0703431602024681,5480
A,income_h,primary,province_cluster,5000,-0.0458419175442804,0.0849866227775264,-0.2124126373559237,0.1207288022673627,0.5896097996814711,5480
A,income_h,primary,province_cluster,joint,14.49426593423807,,,,0.0245767760259621,5480
A,income_h,primary,city_cluster,200,-0.270553135842207,0.0899764461358067,-0.4469037297252963,-0.0942025419591177,0.0026389800943273,5480
A,income_h,primary,city_cluster,1000,-0.1520646028172221,0.0855689686446735,-0.3197766995550195,0.0156474939205751,0.0755518100272255,5480
A,income_h,primary,city_cluster,5000,-0.0458419175442804,0.0796391212602453,-0.2019317269747794,0.1102478918862185,0.5648716643141947,5480
A,income_h,primary,city_cluster,joint,17.53740155648973,,,,0.0074984692918251,5480
A,income_h,controls,HC1,200,-0.2808727982067892,0.0946959305736737,-0.466473411613695,-0.0952721847998832,0.0030165213452717,5480
A,income_h,controls,HC1,1000,-0.1515816634524852,0.0860117693051679,-0.3201616335371821,0.0169983066322116,0.0780124938552425,5480
A,income_h,controls,HC1,5000,-0.0171768971839199,0.0809827573037651,-0.1759001848680476,0.1415463905002077,0.8320246426841957,5480
A,income_h,controls,HC1,joint,16.680057080025996,,,,0.0105338734781898,5480
A,income_h,controls,HC3,200,-0.2808727982067892,0.0957766074939461,-0.4685914994563527,-0.0931540969572256,0.0033615565253374,5480
A,income_h,controls,HC3,1000,-0.1515816634524852,0.086794686353689,-0.3216961227551658,0.0185327958501953,0.0807346216313634,5480
A,income_h,controls,HC3,5000,-0.0171768971839199,0.0818221598777552,-0.1775453836815984,0.1431915893137585,0.8337225823945542,5480
A,income_h,controls,HC3,joint,16.343244433582885,,,,0.012025532468757,5480
A,income_h,controls,province_cluster,200,-0.2808727982067892,0.0985610155634684,-0.4740488389908791,-0.0876967574226992,0.0043755637089364,5480
A,income_h,controls,province_cluster,1000,-0.1515816634524852,0.0901519339908501,-0.3282762072111838,0.0251128803062133,0.0926848113887992,5480
A,income_h,controls,province_cluster,5000,-0.0171768971839199,0.0796311750292046,-0.1732511322877662,0.1388973379199264,0.8292171692876527,5480
A,income_h,controls,province_cluster,joint,13.455540825960366,,,,0.0363460325895089,5480
A,income_h,controls,city_cluster,200,-0.2808727982067892,0.0891200412328773,-0.4555448693239534,-0.1062007270896249,0.0016236559596774,5480
A,income_h,controls,city_cluster,1000,-0.1515816634524852,0.085045257875341,-0.3182673059440751,0.0151039790391046,0.0746897820961011,5480
A,income_h,controls,city_cluster,5000,-0.0171768971839199,0.0735056815207792,-0.1612453856237187,0.1268915912558788,0.815232469998554,5480
A,income_h,controls,city_cluster,joint,17.601719797056596,,,,0.0073085517720728,5480
A,income_h,province_FE,HC1,200,-0.2580972203188117,0.0955613554889183,-0.4453940353909206,-0.0708004052467028,0.0069161797964817,5480
A,income_h,province_FE,HC1,1000,-0.1469487669260848,0.0866420972084062,-0.3167641569995794,0.0228666231474096,0.0898776398652645,5480
A,income_h,province_FE,HC1,5000,-0.0460230012584588,0.084707274115303,-0.2120462077530147,0.120000205236097,0.5869107552169354,5480
A,income_h,province_FE,HC1,joint,16.063933639134135,,,,0.0134148929307638,5480
A,income_h,province_FE,HC3,200,-0.2580972203188117,0.0964284743259798,-0.4470935570818775,-0.069100883555746,0.0074380811951725,5480
A,income_h,province_FE,HC3,1000,-0.1469487669260848,0.0873522561151575,-0.3181560428801123,0.0242585090279426,0.0925194090397572,5480
A,income_h,province_FE,HC3,5000,-0.0460230012584588,0.085472489462527,-0.213546002273991,0.1214999997570733,0.5902636752895474,5480
A,income_h,province_FE,HC3,joint,15.79602863452936,,,,0.0148916591990631,5480
A,income_h,province_FE,province_cluster,200,-0.2580972203188117,0.0994636986237236,-0.4530424873904562,-0.0631519532471672,0.0094621574561326,5480
A,income_h,province_FE,province_cluster,1000,-0.1469487669260848,0.0854323476064636,-0.3143930913494604,0.0204955574972906,0.0854215291082714,5480
A,income_h,province_FE,province_cluster,5000,-0.0460230012584588,0.0865705782036973,-0.2156982166585138,0.1236522141415961,0.5949864054214653,5480
A,income_h,province_FE,province_cluster,joint,14.211443196049006,,,,0.0273613729234744,5480
A,income_h,province_FE,city_cluster,200,-0.2580972203188117,0.0895439546201061,-0.4336001464075089,-0.0825942942301146,0.0039471818412302,5480
A,income_h,province_FE,city_cluster,1000,-0.1469487669260848,0.0869498273422732,-0.3173672969789165,0.0234697631267467,0.0910201247539401,5480
A,income_h,province_FE,city_cluster,5000,-0.0460230012584588,0.0807350865400575,-0.2042608631656962,0.1122148606487784,0.5686440786872509,5480
A,income_h,province_FE,city_cluster,joint,17.044890410983275,,,,0.0091196736175222,5480
A,income_h,citytier_FE,HC1,200,-0.2759409940883361,0.095313897670789,-0.4627528007492189,-0.0891291874274534,0.0037906653514704,5480
A,income_h,citytier_FE,HC1,1000,-0.1507844664582346,0.08626415070494,-0.3198590949968527,0.0182901620803834,0.0804746044718651,5480
A,income_h,citytier_FE,HC1,5000,-0.0439681669191467,0.0840782887331128,-0.2087585847178076,0.1208222508795141,0.60101380090376,5480
A,income_h,citytier_FE,HC1,joint,16.81919382372161,,,,0.0099712143832948,5480
A,income_h,citytier_FE,HC3,200,-0.2759409940883361,0.0959825726888135,-0.4640633797019085,-0.0878186084747638,0.0040414619905809,5480
A,income_h,citytier_FE,HC3,1000,-0.1507844664582346,0.0867595965922126,-0.3208301510921953,0.019261218175726,0.0822183537723032,5480
A,income_h,citytier_FE,HC3,5000,-0.0439681669191467,0.0846116395524761,-0.2098039331148848,0.1218675992765913,0.6033097795396236,5480
A,income_h,citytier_FE,HC3,joint,16.60819179527985,,,,0.0108363615024814,5480
A,income_h,citytier_FE,province_cluster,200,-0.2759409940883361,0.0992497712344158,-0.4704669711816306,-0.0814150169950417,0.0054314001184183,5480
A,income_h,citytier_FE,province_cluster,1000,-0.1507844664582346,0.0842535968282972,-0.3159184818096554,0.0143495488931861,0.0735101628459514,5480
A,income_h,citytier_FE,province_cluster,5000,-0.0439681669191467,0.0841336798290387,-0.2088671492708866,0.1209308154325932,0.6012534195214686,5480
A,income_h,citytier_FE,province_cluster,joint,14.897013097373415,,,,0.0210730242611538,5480
A,income_h,citytier_FE,city_cluster,200,-0.2759409940883361,0.0898075065599588,-0.4519604724872,-0.0999215156894722,0.0021221499688929,5480
A,income_h,citytier_FE,city_cluster,1000,-0.1507844664582346,0.0859290343548221,-0.319202279019991,0.0176333461035217,0.0793010968184877,5480
A,income_h,citytier_FE,city_cluster,5000,-0.0439681669191467,0.0794076623768025,-0.1996043252741959,0.1116679914359024,0.5797829317557771,5480
A,income_h,citytier_FE,city_cluster,joint,17.961831660822845,,,,0.0063282909171599,5480
A,q43_edu,primary,HC1,200,-0.100893789528542,0.0904522939432568,-0.2781770279763561,0.0763894489192719,0.2646634186938315,5480
A,q43_edu,primary,HC1,1000,-0.2656840126118399,0.0875803092271995,-0.4373382644520319,-0.0940297607716478,0.0024165107151869,5480
A,q43_edu,primary,HC1,5000,-0.0972682596144239,0.085958443654809,-0.2657437133449652,0.0712071941161174,0.2578139690733597,5480
A,q43_edu,primary,HC1,joint,12.886866411438184,,,,0.0448681120733049,5480
A,q43_edu,primary,HC3,200,-0.100893789528542,0.0908782283842352,-0.2790118441404488,0.0772242650833646,0.2669091533238202,5480
A,q43_edu,primary,HC3,1000,-0.2656840126118399,0.0879783197018071,-0.4381183506477325,-0.0932496745759472,0.0025287443144232,5480
A,q43_edu,primary,HC3,5000,-0.0972682596144239,0.0863220002059634,-0.2664562710915714,0.0719197518627236,0.2598239652099884,5480
A,q43_edu,primary,HC3,joint,12.768702265713156,,,,0.0468596010332109,5480
A,q43_edu,primary,province_cluster,200,-0.100893789528542,0.1090189494270785,-0.3145670040380096,0.1127794249809255,0.3547213748889817,5480
A,q43_edu,primary,province_cluster,1000,-0.2656840126118399,0.1097327941322477,-0.4807563370339935,-0.0506116881896861,0.0154697625970927,5480
A,q43_edu,primary,province_cluster,5000,-0.0972682596144239,0.0971527975171042,-0.2876842437452607,0.0931477245164128,0.31673570515597,5480
A,q43_edu,primary,province_cluster,joint,17.068360500925607,,,,0.0090352656911613,5480
A,q43_edu,primary,city_cluster,200,-0.100893789528542,0.0931086301263319,-0.2833833512260137,0.0815957721689296,0.278536102766848,5480
A,q43_edu,primary,city_cluster,1000,-0.2656840126118399,0.0965132766323125,-0.4548465588411235,-0.0765214663825561,0.0059083746664201,5480
A,q43_edu,primary,city_cluster,5000,-0.0972682596144239,0.0910929989462228,-0.2758072567927658,0.081270737563918,0.2856149216686138,5480
A,q43_edu,primary,city_cluster,joint,12.48178152317482,,,,0.0520444969101394,5480
A,q43_edu,controls,HC1,200,-0.1061913964755567,0.0891245968049673,-0.2808723963499463,0.0684896033988327,0.2334598245714558,5480
A,q43_edu,controls,HC1,1000,-0.25701632964859,0.0866346056993635,-0.426817036634171,-0.0872156226630089,0.0030104338617963,5480
A,q43_edu,controls,HC1,5000,-0.0782038967163166,0.0830177345539422,-0.2409156665201498,0.0845078730875166,0.3461852963916847,5480
A,q43_edu,controls,HC1,joint,11.723054921519816,,,,0.0684400757784847,5480
A,q43_edu,controls,HC3,200,-0.1061913964755567,0.09000219304119,-0.2825924533659107,0.0702096604147972,0.2380496737651922,5480
A,q43_edu,controls,HC3,1000,-0.25701632964859,0.0873698295253133,-0.4282580488536084,-0.0857746104435715,0.0032640992594134,5480
A,q43_edu,controls,HC3,5000,-0.0782038967163166,0.0837130578818931,-0.242278475200544,0.0858706817679107,0.3502059228752672,5480
A,q43_edu,controls,HC3,joint,11.519429190182976,,,,0.0735895948960562,5480
A,q43_edu,controls,province_cluster,200,-0.1061913964755567,0.1115773242574375,-0.3248789335114816,0.1124961405603681,0.3412343414067701,5480
A,q43_edu,controls,province_cluster,1000,-0.25701632964859,0.1064059284423222,-0.4655681171370878,-0.0484645421600922,0.0157165385266238,5480
A,q43_edu,controls,province_cluster,5000,-0.0782038967163166,0.090049131008489,-0.2546969503320841,0.0982891568994509,0.3851436035516793,5480
A,q43_edu,controls,province_cluster,joint,12.610115531539668,,,,0.0496624985700119,5480
A,q43_edu,controls,city_cluster,200,-0.1061913964755567,0.0912818745332896,-0.2851005830021084,0.0727177900509948,0.2446936239853144,5480
A,q43_edu,controls,city_cluster,1000,-0.25701632964859,0.0938248053870338,-0.4409095690636559,-0.073123090233524,0.0061566090270218,5480
A,q43_edu,controls,city_cluster,5000,-0.0782038967163166,0.0876769446110483,-0.2500475504284845,0.0936397569958512,0.3724170064488022,5480
A,q43_edu,controls,city_cluster,joint,11.327599989583565,,,,0.0787641096719786,5480
A,q43_edu,province_FE,HC1,200,-0.0891724320412063,0.0909246290005995,-0.2673814301900475,0.0890365661076349,0.3267263362147846,5480
A,q43_edu,province_FE,HC1,1000,-0.2758134865178805,0.0881711071526399,-0.4486256810140767,-0.1030012920216843,0.0017590333717871,5480
A,q43_edu,province_FE,HC1,5000,-0.0934567412669707,0.08618572862314,-0.2623776653496681,0.0754641828157266,0.2782032341031561,5480
A,q43_edu,province_FE,HC1,joint,13.409086873027396,,,,0.0369805139135899,5480
A,q43_edu,province_FE,HC3,200,-0.0891724320412063,0.0915781119850322,-0.2686622333040453,0.0903173692216326,0.33019019963604,5480
A,q43_edu,province_FE,HC3,1000,-0.2758134865178805,0.0888446691944828,-0.4499458383574422,-0.1016811346783188,0.001906356606972,5480
A,q43_edu,province_FE,HC3,5000,-0.0934567412669707,0.0867754997330812,-0.2635335954842751,0.0766201129503336,0.2814826954377113,5480
A,q43_edu,province_FE,HC3,joint,13.205511018736274,,,,0.039886048815524,5480
A,q43_edu,province_FE,province_cluster,200,-0.0891724320412063,0.108900781434592,-0.3026140415412748,0.1242691774588622,0.4128770972710558,5480
A,q43_edu,province_FE,province_cluster,1000,-0.2758134865178805,0.1111681727561913,-0.4936991013471424,-0.0579278716886186,0.0130997016412854,5480
A,q43_edu,province_FE,province_cluster,5000,-0.0934567412669707,0.0995798314858419,-0.2886296245657886,0.1017161420318472,0.3479820005814166,5480
A,q43_edu,province_FE,province_cluster,joint,16.27190228139347,,,,0.0123666254373074,5480
A,q43_edu,province_FE,city_cluster,200,-0.0891724320412063,0.0931794716711952,-0.2718008406152191,0.0934559765328065,0.3385690011164421,5480
A,q43_edu,province_FE,city_cluster,1000,-0.2758134865178805,0.0963454124330061,-0.4646470249622301,-0.0869799480735309,0.0041997275427452,5480
A,q43_edu,province_FE,city_cluster,5000,-0.0934567412669707,0.0918083968641575,-0.2733978925990795,0.086484410065138,0.3086997321033423,5480
A,q43_edu,province_FE,city_cluster,joint,12.827628950747542,,,,0.0458563542306376,5480
A,q43_edu,citytier_FE,HC1,200,-0.0973391994913039,0.0904483664935654,-0.2746147402791715,0.0799363412965636,0.2818444072260871,5480
A,q43_edu,citytier_FE,HC1,1000,-0.2659742996654997,0.0875635543898479,-0.4375957126279157,-0.0943528867030835,0.0023854937568795,5480
A,q43_edu,citytier_FE,HC1,5000,-0.0973609584011045,0.0857950293670797,-0.265516126013137,0.0707942092109279,0.256455418383324,5480
A,q43_edu,citytier_FE,HC1,joint,12.844628373760653,,,,0.0455706919139181,5480
A,q43_edu,citytier_FE,HC3,200,-0.0973391994913039,0.0909098907871279,-0.2755193112725443,0.0808409122899364,0.2842945495720365,5480
A,q43_edu,citytier_FE,HC3,1000,-0.2659742996654997,0.0879954178509891,-0.4384421494579913,-0.093506449873008,0.0025061938467587,5480
A,q43_edu,citytier_FE,HC3,5000,-0.0973609584011045,0.0861882276036957,-0.2662867803956891,0.0715648635934799,0.2586314265585756,5480
A,q43_edu,citytier_FE,HC3,joint,12.717256566509944,,,,0.0477522347338991,5480
A,q43_edu,citytier_FE,province_cluster,200,-0.0973391994913039,0.1092949513520546,-0.3115533678333883,0.1168749688507803,0.3731383202743653,5480
A,q43_edu,citytier_FE,province_cluster,1000,-0.2659742996654997,0.1104109202778232,-0.4823757269099563,-0.049572872421043,0.0159985240578688,5480
A,q43_edu,citytier_FE,province_cluster,5000,-0.0973609584011045,0.0984022338982163,-0.290225792839895,0.0955038760376858,0.322458587140578,5480
A,q43_edu,citytier_FE,province_cluster,joint,16.838807231536226,,,,0.0098942695162421,5480
A,q43_edu,citytier_FE,city_cluster,200,-0.0973391994913039,0.0933081669240687,-0.2802198461259302,0.0855414471433223,0.2968550791933352,5480
A,q43_edu,citytier_FE,city_cluster,1000,-0.2659742996654997,0.0964120399594449,-0.4549384256620483,-0.077010173668951,0.00580273531407,5480
A,q43_edu,citytier_FE,city_cluster,5000,-0.0973609584011045,0.0914879177258064,-0.2766739821642489,0.0819520653620397,0.2872405013254293,5480
A,q43_edu,citytier_FE,city_cluster,joint,12.390201912365573,,,,0.0538089652306096,5480
A,q30_medexp,primary,HC1,200,0.2632070285129261,0.096723647379332,0.0736321631960833,0.4527818938297688,0.0065040025639945,5480
A,q30_medexp,primary,HC1,1000,0.0257093364744427,0.0882664367328443,-0.1472897005656155,0.198708373514501,0.7708450771326149,5480
A,q30_medexp,primary,HC1,5000,0.1210968498843952,0.0882269373236739,-0.0518247697362783,0.2940184695050689,0.1698888752348148,5480
A,q30_medexp,primary,HC1,joint,11.06833194609893,,,,0.0862873703512602,5480
A,q30_medexp,primary,HC3,200,0.2632070285129261,0.0972210166875874,0.072657337264887,0.4537567197609651,0.0067831730692735,5480
A,q30_medexp,primary,HC3,1000,0.0257093364744427,0.0887411669173463,-0.1482201546296134,0.1996388275784989,0.7720369586442873,5480
A,q30_medexp,primary,HC3,5000,0.1210968498843952,0.0887005065555096,-0.0527529483748625,0.294946648143653,0.1721798606171546,5480
A,q30_medexp,primary,HC3,joint,10.955033330120372,,,,0.0897761633711195,5480
A,q30_medexp,primary,province_cluster,200,0.2632070285129261,0.0985029031020949,0.0701448860601812,0.456269170965671,0.0075384063014252,5480
A,q30_medexp,primary,province_cluster,1000,0.0257093364744427,0.0834708558531543,-0.1378905347564741,0.1893092077053595,0.7580794801928419,5480
A,q30_medexp,primary,province_cluster,5000,0.1210968498843952,0.0739252112630182,-0.0237939017406352,0.2659876015094258,0.1014009441497556,5480
A,q30_medexp,primary,province_cluster,joint,16.984505494034934,,,,0.009340357927834,5480
A,q30_medexp,primary,city_cluster,200,0.2632070285129261,0.0950126736799616,0.0769856100253445,0.4494284470005076,0.005601659552081,5480
A,q30_medexp,primary,city_cluster,1000,0.0257093364744427,0.0909908405415157,-0.1526294339099552,0.2040481068588407,0.7775228707834558,5480
A,q30_medexp,primary,city_cluster,5000,0.1210968498843952,0.0868822754670311,-0.0491892809258736,0.2913829806946642,0.1633768457903609,5480
A,q30_medexp,primary,city_cluster,joint,10.271697106275887,,,,0.1136667664619867,5480
A,q30_medexp,controls,HC1,200,0.2111565781017919,0.0958734259195381,0.0232481162250283,0.3990650399785554,0.0276334260347757,5480
A,q30_medexp,controls,HC1,1000,0.0109032552978853,0.0861320398952033,-0.1579124408116803,0.179718951407451,0.8992667466450582,5480
A,q30_medexp,controls,HC1,5000,0.0972276749686431,0.0866136621301428,-0.0725319833755576,0.2669873333128439,0.2616310719358893,5480
A,q30_medexp,controls,HC1,joint,8.256321821855792,,,,0.2199195690918251,5480
A,q30_medexp,controls,HC3,200,0.2111565781017919,0.0967759339869271,0.021479232917189,0.4008339232863948,0.0291160231325962,5480
A,q30_medexp,controls,HC3,1000,0.0109032552978853,0.0868831635674992,-0.1593846161573156,0.1811911267530863,0.9001330254046709,5480
A,q30_medexp,controls,HC3,5000,0.0972276749686431,0.0873966736000761,-0.0740666576561087,0.268522007593395,0.2659287588158057,5480
A,q30_medexp,controls,HC3,joint,8.103474124681375,,,,0.2306201504536375,5480
A,q30_medexp,controls,province_cluster,200,0.2111565781017919,0.0950929424720962,0.0247778356725439,0.3975353205310398,0.0263829209720349,5480
A,q30_medexp,controls,province_cluster,1000,0.0109032552978853,0.0837047914174012,-0.1531551212136584,0.174961631809429,0.8963619623237484,5480
A,q30_medexp,controls,province_cluster,5000,0.0972276749686431,0.0714745533683239,-0.0428598754443578,0.2373152253816441,0.1737312907833714,5480
A,q30_medexp,controls,province_cluster,joint,14.092873454367304,,,,0.0286157476700447,5480
A,q30_medexp,controls,city_cluster,200,0.2111565781017919,0.0930656851714564,0.0287511869691938,0.3935619692343899,0.0232745090305147,5480
A,q30_medexp,controls,city_cluster,1000,0.0109032552978853,0.0902074002135019,-0.1659000002595692,0.1877065108553399,0.903794998118845,5480
A,q30_medexp,controls,city_cluster,5000,0.0972276749686431,0.0845065216269695,-0.0684020638789723,0.2628574138162586,0.2499237620712145,5480
A,q30_medexp,controls,city_cluster,joint,7.442731557308342,,,,0.2818350575398748,5480
A,q30_medexp,province_FE,HC1,200,0.2544050994622086,0.0976741289152998,0.0629673245668986,0.4458428743575187,0.0091973156625377,5480
A,q30_medexp,province_FE,HC1,1000,0.0203881915586422,0.0888424331705658,-0.1537397777545734,0.1945161608718578,0.8184903527111911,5480
A,q30_medexp,province_FE,HC1,5000,0.1114035577841899,0.0889167864483204,-0.0628701412755572,0.2856772568439372,0.2102432642604601,5480
A,q30_medexp,province_FE,HC1,joint,10.42515097337846,,,,0.1078523425727756,5480
A,q30_medexp,province_FE,HC3,200,0.2544050994622086,0.0984865596491952,0.0613749895885302,0.447435209335887,0.0097904064095055,5480
A,q30_medexp,province_FE,HC3,1000,0.0203881915586422,0.0896326454704818,-0.1552885654025494,0.1960649485198339,0.8200630332347107,5480
A,q30_medexp,province_FE,HC3,5000,0.1114035577841899,0.0895769921657839,-0.0641641207041731,0.286971236272553,0.2136237546818935,5480
A,q30_medexp,province_FE,HC3,joint,10.26209778225812,,,,0.1140396479189434,5480
A,q30_medexp,province_FE,province_cluster,200,0.2544050994622086,0.1008259147570522,0.0567899378300807,0.4520202610943366,0.0116288463289887,5480
A,q30_medexp,province_FE,province_cluster,1000,0.0203881915586422,0.0839015136361249,-0.1440557534165589,0.1848321365338432,0.8080042548999103,5480
A,q30_medexp,province_FE,province_cluster,5000,0.1114035577841899,0.0731041218778264,-0.0318778882177764,0.2546850037861563,0.1275330562491208,5480
A,q30_medexp,province_FE,province_cluster,joint,15.688781712408804,,,,0.0155255499970522,5480
A,q30_medexp,province_FE,city_cluster,200,0.2544050994622086,0.0957827610287686,0.0666743375060153,0.4421358614184019,0.0079058716298003,5480
A,q30_medexp,province_FE,city_cluster,1000,0.0203881915586422,0.0903912847334103,-0.1567754710351473,0.1975518541524317,0.8215476699013651,5480
A,q30_medexp,province_FE,city_cluster,5000,0.1114035577841899,0.0884491625458772,-0.0619536152684585,0.2847607308368385,0.2078422910740489,5480
A,q30_medexp,province_FE,city_cluster,joint,9.585690754841856,,,,0.1432189418775764,5480
A,q30_medexp,citytier_FE,HC1,200,0.2615194736701423,0.0964830919030989,0.0724160884230002,0.4506228589172842,0.0067177537934408,5480
A,q30_medexp,citytier_FE,HC1,1000,0.0234250199850237,0.0885588022196957,-0.1501470428795857,0.1969970828496332,0.7913840787505696,5480
A,q30_medexp,citytier_FE,HC1,5000,0.1190884022181938,0.0882099321145206,-0.0537998878049898,0.2919766922413774,0.1769978238799315,5480
A,q30_medexp,citytier_FE,HC1,joint,10.832957703651672,,,,0.0936783204455892,5480
A,q30_medexp,citytier_FE,HC3,200,0.2615194736701423,0.0970119796856879,0.0713794874172626,0.4516594599230219,0.0070231594427387,5480
A,q30_medexp,citytier_FE,HC3,1000,0.0234250199850237,0.0890708096036697,-0.1511505589119934,0.1980005988820408,0.7925557965832513,5480
A,q30_medexp,citytier_FE,HC3,5000,0.1190884022181938,0.0887148272505718,-0.0547894640876195,0.2929662685240071,0.1794750356399356,5480
A,q30_medexp,citytier_FE,HC3,joint,10.714824673911512,,,,0.0976002192977801,5480
A,q30_medexp,citytier_FE,province_cluster,200,0.2615194736701423,0.0950049206870021,0.0753132507695336,0.4477256965707509,0.0059107117411397,5480
A,q30_medexp,citytier_FE,province_cluster,1000,0.0234250199850237,0.0824062473785054,-0.1380882569779451,0.1849382969479925,0.7762090908652286,5480
A,q30_medexp,citytier_FE,province_cluster,5000,0.1190884022181938,0.0743883694796386,-0.0267101228305565,0.2648869272669442,0.1093988864119772,5480
A,q30_medexp,citytier_FE,province_cluster,joint,17.21834169516349,,,,0.0085134298373395,5480
A,q30_medexp,citytier_FE,city_cluster,200,0.2615194736701423,0.0940033640448681,0.0772762657165933,0.4457626816236912,0.0054021295060312,5480
A,q30_medexp,citytier_FE,city_cluster,1000,0.0234250199850237,0.0903887588257387,-0.1537336919207011,0.2005837318907485,0.7955129084090593,5480
A,q30_medexp,citytier_FE,city_cluster,5000,0.1190884022181938,0.0868131609273469,-0.051062266583486,0.2892390710198737,0.1701324935865018,5480
A,q30_medexp,citytier_FE,city_cluster,joint,10.170970643898766,,,,0.1176342742417373,5480
C,income_h,primary,HC1,200,-0.2732021826930658,0.0980289581224077,-0.4653354100549701,-0.0810689553311615,0.0053206054900629,5171
C,income_h,primary,HC1,1000,-0.1123966265862901,0.0875291696696458,-0.2839506467354917,0.0591573935629113,0.1991052900933358,5171
C,income_h,primary,HC1,5000,-0.0424408109642637,0.0886460028470319,-0.2161837839178815,0.1313021619893539,0.6321041537815643,5171
C,income_h,primary,HC1,joint,15.015322902104742,,,,0.0201378715797683,5171
C,income_h,primary,HC3,200,-0.2732021826930658,0.0987104186651665,-0.4666710481756626,-0.079733317210469,0.0056451014211002,5171
C,income_h,primary,HC3,1000,-0.1123966265862901,0.0880252000080389,-0.2849228483339813,0.0601295951614009,0.2016485905533438,5171
C,income_h,primary,HC3,5000,-0.0424408109642637,0.0892185295372745,-0.2173059156109447,0.1324242936824172,0.6342916631639677,5171
C,income_h,primary,HC3,joint,14.82789226095871,,,,0.021638403870309,5171
C,income_h,primary,province_cluster,200,-0.2732021826930658,0.0966037539412291,-0.4625420611892443,-0.0838623041968873,0.0046829559061501,5171
C,income_h,primary,province_cluster,1000,-0.1123966265862901,0.0902301548687313,-0.289244480448475,0.0644512272758947,0.2128870795870509,5171
C,income_h,primary,province_cluster,5000,-0.0424408109642637,0.0926477200904016,-0.2240270055911991,0.1391453836626715,0.6468892030627247,5171
C,income_h,primary,province_cluster,joint,15.330605069983044,,,,0.0178354693907871,5171
C,income_h,primary,city_cluster,200,-0.2732021826930658,0.093144674039686,-0.4557623891625735,-0.0906419762235582,0.0033560112793349,5171
C,income_h,primary,city_cluster,1000,-0.1123966265862901,0.0931739972258481,-0.2950143054445873,0.070221052272007,0.2276983887325694,5171
C,income_h,primary,city_cluster,5000,-0.0424408109642637,0.0869503409289212,-0.2128603476284284,0.1279787256999009,0.6254761636587196,5171
C,income_h,primary,city_cluster,joint,15.242129942066931,,,,0.0184548182942801,5171
C,income_h,controls,HC1,200,-0.2808579630553336,0.0975763866369651,-0.4721041666053407,-0.0896117595053264,0.0039977471319983,5171
C,income_h,controls,HC1,1000,-0.1017369934183387,0.0873996601338341,-0.2730371795416947,0.0695631927050173,0.2444064432745731,5171
C,income_h,controls,HC1,5000,-0.0045973151842415,0.0847989611896776,-0.1708002250424194,0.1616055946739364,0.9567644383740296,5171
C,income_h,controls,HC1,joint,14.454826431504944,,,,0.0249482402638516,5171
C,income_h,controls,HC3,200,-0.2808579630553336,0.0987605776487645,-0.4744251383392835,-0.0872907877713836,0.0044575291773442,5171
C,income_h,controls,HC3,1000,-0.1017369934183387,0.0882150558937975,-0.2746353258643697,0.0711613390276922,0.2487939240228805,5171
C,income_h,controls,HC3,5000,-0.0045973151842415,0.0857549085351375,-0.1726738474106376,0.1634792170421545,0.9572459398732832,5171
C,income_h,controls,HC3,joint,14.145471001170767,,,,0.0280527188701689,5171
C,income_h,controls,province_cluster,200,-0.2808579630553336,0.0956267112207826,-0.4682828730080799,-0.0934330531025872,0.0033137826538183,5171
C,income_h,controls,province_cluster,1000,-0.1017369934183387,0.0945552374532367,-0.2870618533763156,0.0835878665396382,0.2819482672736846,5171
C,income_h,controls,province_cluster,5000,-0.0045973151842415,0.0874926723939082,-0.1760798019874636,0.1668851716189804,0.9580943242423844,5171
C,income_h,controls,province_cluster,joint,13.784578307311534,,,,0.032137330115434,5171
C,income_h,controls,city_cluster,200,-0.2808579630553336,0.0926418418155587,-0.4624326364752856,-0.0992832896353816,0.0024321822962718,5171
C,income_h,controls,city_cluster,1000,-0.1017369934183387,0.0918685961777705,-0.281796133237023,0.0783221464003456,0.2681129819270197,5171
C,income_h,controls,city_cluster,5000,-0.0045973151842415,0.0818866472242369,-0.1650921945584826,0.1558975641899996,0.9552283446769544,5171
C,income_h,controls,city_cluster,joint,14.5901661156986,,,,0.0236953642799513,5171
C,income_h,province_FE,HC1,200,-0.2612319476001581,0.0981448561157527,-0.4535923308548992,-0.068871564345417,0.0077747645613003,5171
C,income_h,province_FE,HC1,1000,-0.1097656321846575,0.0880260580697195,-0.2822935357023391,0.0627622713330241,0.2124094203077771,5171
C,income_h,province_FE,HC1,5000,-0.0428939745147853,0.0893699252173212,-0.218055809241773,0.1322678602122023,0.6312559536056022,5171
C,income_h,province_FE,HC1,joint,14.760814325272584,,,,0.0222008860527885,5171
C,income_h,province_FE,HC3,200,-0.2612319476001581,0.099077131540666,-0.455419557111401,-0.0670443380889153,0.0083728602782352,5171
C,income_h,province_FE,HC3,1000,-0.1097656321846575,0.0887980004112815,-0.2838065148899423,0.0642752505206272,0.2164112499077218,5171
C,income_h,province_FE,HC3,5000,-0.0428939745147853,0.0902303578326414,-0.2197422261789241,0.1339542771493534,0.6345140383053591,5171
C,income_h,province_FE,HC3,joint,14.501407024245418,,,,0.0245100821681341,5171
C,income_h,province_FE,province_cluster,200,-0.2612319476001581,0.0961760604278422,-0.4497335622136768,-0.0727303329866395,0.0066039056851155,5171
C,income_h,province_FE,province_cluster,1000,-0.1097656321846575,0.0916052330761215,-0.2893085898092531,0.069777325439938,0.2308211429115665,5171
C,income_h,province_FE,province_cluster,5000,-0.0428939745147853,0.0944606995897583,-0.2280335436651691,0.1422455946355984,0.6497616470809504,5171
C,income_h,province_FE,province_cluster,joint,15.280441301485697,,,,0.0181841439197032,5171
C,income_h,province_FE,city_cluster,200,-0.2612319476001581,0.0928267914525826,-0.4431691156476306,-0.0792947795526857,0.0048900776410953,5171
C,income_h,province_FE,city_cluster,1000,-0.1097656321846575,0.0949273756690749,-0.2958198696429481,0.0762886052736331,0.2475536970727239,5171
C,income_h,province_FE,city_cluster,5000,-0.0428939745147853,0.0887305393821682,-0.216802636032648,0.1310146870030773,0.6287986929848782,5171
C,income_h,province_FE,city_cluster,joint,14.877575473777885,,,,0.0212305750946578,5171
C,income_h,citytier_FE,HC1,200,-0.2786203017436442,0.0979207954159021,-0.4705415340963272,-0.0866990693909613,0.0044360704376629,5171
C,income_h,citytier_FE,HC1,1000,-0.1099774660321562,0.0875101596842646,-0.281494227294664,0.0615392952303515,0.2088480142026986,5171
C,income_h,citytier_FE,HC1,5000,-0.0394317628943696,0.0886283427774029,-0.2131401227475499,0.1342765969588106,0.6563837607954206,5171
C,income_h,citytier_FE,HC1,joint,15.319043730821914,,,,0.0179152571274828,5171
C,income_h,citytier_FE,HC3,200,-0.2786203017436442,0.0986408426783613,-0.4719528007979139,-0.0852878026893745,0.0047340605749724,5171
C,income_h,citytier_FE,HC3,1000,-0.1099774660321562,0.0880420012794126,-0.2825366176666343,0.0625816856023218,0.2116110459084473,5171
C,income_h,citytier_FE,HC3,5000,-0.0394317628943696,0.0892397758829034,-0.2143385096132865,0.1354749838245472,0.6585882831278062,5171
C,income_h,citytier_FE,HC3,joint,15.116481094945792,,,,0.0193698460671091,5171
C,income_h,citytier_FE,province_cluster,200,-0.2786203017436442,0.0958030894573423,-0.4663909066877041,-0.0908496967995843,0.0036344592163196,5171
C,income_h,citytier_FE,province_cluster,1000,-0.1099774660321562,0.0905707754400114,-0.2874929239464436,0.0675379918821311,0.2246442560245605,5171
C,income_h,citytier_FE,province_cluster,5000,-0.0394317628943696,0.0917911427532775,-0.2193390967905684,0.1404755710018291,0.6675002070041851,5171
C,income_h,citytier_FE,province_cluster,joint,15.813589240501976,,,,0.014790261501222,5171
C,income_h,citytier_FE,city_cluster,200,-0.2786203017436442,0.0929101532354398,-0.4607208558832039,-0.0965197476040846,0.0027103239235753,5171
C,income_h,citytier_FE,city_cluster,1000,-0.1099774660321562,0.093476363207474,-0.2931877713245904,0.0732328392602779,0.2393843459494108,5171
C,income_h,citytier_FE,city_cluster,5000,-0.0394317628943696,0.0867182402097805,-0.2093963905082325,0.1305328647194933,0.6493169573070836,5171
C,income_h,citytier_FE,city_cluster,joint,15.675606550831864,,,,0.0156051851541772,5171
C,q43_edu,primary,HC1,200,-0.0863605641200946,0.0927063018651456,-0.2680615769156785,0.0953404486754892,0.3515690852024183,5171
C,q43_edu,primary,HC1,1000,-0.1880635800703228,0.0884501413331458,-0.3614226715107662,-0.0147044886298793,0.033485773061605,5171
C,q43_edu,primary,HC1,5000,-0.114885797684553,0.09128257009899,-0.2937963474948262,0.0640247521257202,0.2081845268896582,5171
C,q43_edu,primary,HC1,joint,7.821694140363983,,,,0.2514597160161043,5171
C,q43_edu,primary,HC3,200,-0.0863605641200946,0.0931652268885229,-0.2689610534331021,0.0962399251929128,0.3539466039877736,5171
C,q43_edu,primary,HC3,1000,-0.1880635800703228,0.0888519590500094,-0.362210219764169,-0.0139169403764766,0.0342942656175376,5171
C,q43_edu,primary,HC3,5000,-0.114885797684553,0.0917058538170236,-0.2946259683374143,0.0648543729683083,0.2102915851260913,5171
C,q43_edu,primary,HC3,joint,7.749106668821762,,,,0.2570666812610667,5171
C,q43_edu,primary,province_cluster,200,-0.0863605641200946,0.1164475406993888,-0.3145935499791589,0.1418724217389695,0.4583137563992924,5171
C,q43_edu,primary,province_cluster,1000,-0.1880635800703228,0.1000533047268228,-0.3841644538691067,0.008037293728461,0.0601579943146619,5171
C,q43_edu,primary,province_cluster,5000,-0.114885797684553,0.1055841928454912,-0.3218270129984474,0.0920554176293414,0.2765524794482539,5171
C,q43_edu,primary,province_cluster,joint,10.242470138166611,,,,0.1148054821680343,5171
C,q43_edu,primary,city_cluster,200,-0.0863605641200946,0.0960890334601077,-0.27469160901117,0.1019704807709806,0.3687828145518884,5171
C,q43_edu,primary,city_cluster,1000,-0.1880635800703228,0.092872946892312,-0.3700912111173554,-0.0060359490232901,0.0428719388704239,5171
C,q43_edu,primary,city_cluster,5000,-0.114885797684553,0.0962881232809725,-0.3036070514542118,0.0738354560851057,0.2328121640490444,5171
C,q43_edu,primary,city_cluster,joint,8.691196588864454,,,,0.1917041796688791,5171
C,q43_edu,controls,HC1,200,-0.1002134586236244,0.0917537757482368,-0.2800475545357333,0.0796206372884844,0.2747452755293467,5171
C,q43_edu,controls,HC1,1000,-0.1783394322372646,0.0879543820697542,-0.3507268533764583,-0.0059520110980708,0.0425974574963581,5171
C,q43_edu,controls,HC1,5000,-0.1051607138088331,0.0874254987423992,-0.2765115426743875,0.0661901150567212,0.2290301545320326,5171
C,q43_edu,controls,HC1,joint,7.132829614746395,,,,0.3087377898694179,5171
C,q43_edu,controls,HC3,200,-0.1002134586236244,0.0927266613008934,-0.2819543751800195,0.0815274579327706,0.2798125606337703,5171
C,q43_edu,controls,HC3,1000,-0.1783394322372646,0.0887267186384901,-0.3522406052351241,-0.0044382592394051,0.0444327064669511,5171
C,q43_edu,controls,HC3,5000,-0.1051607138088331,0.0882236089859198,-0.2780758100073803,0.0677543823897141,0.2332693702894943,5171
C,q43_edu,controls,HC3,joint,7.002679092985682,,,,0.3205995088351617,5171
C,q43_edu,controls,province_cluster,200,-0.1002134586236244,0.1188847606926542,-0.3332233078918898,0.1327963906446409,0.3992585270176525,5171
C,q43_edu,controls,province_cluster,1000,-0.1783394322372646,0.0996190171975853,-0.3735891181198082,0.0169102536452789,0.073419397566731,5171
C,q43_edu,controls,province_cluster,5000,-0.1051607138088331,0.0993543910351707,-0.2998917419436769,0.0895703143260107,0.2898546521603642,5171
C,q43_edu,controls,province_cluster,joint,7.672760923909077,,,,0.2630711330652461,5171
C,q43_edu,controls,city_cluster,200,-0.1002134586236244,0.0947475978998603,-0.2859153381290335,0.0854884208817847,0.2901974128404804,5171
C,q43_edu,controls,city_cluster,1000,-0.1783394322372646,0.0914621357259658,-0.3576019242092718,0.0009230597347425,0.0511914101376149,5171
C,q43_edu,controls,city_cluster,5000,-0.1051607138088331,0.0939996939881724,-0.2893967285834373,0.0790753009657711,0.2632533625874064,5171
C,q43_edu,controls,city_cluster,joint,7.688400816531498,,,,0.2618320937809115,5171
C,q43_edu,province_FE,HC1,200,-0.0746662871698997,0.0932235538097312,-0.2573810951478048,0.1080485208080053,0.4231675370871672,5171
C,q43_edu,province_FE,HC1,1000,-0.1994927525778765,0.089180811035111,-0.3742839303187665,-0.0247015748369866,0.0252898006438963,5171
C,q43_edu,province_FE,HC1,5000,-0.1090010807558088,0.0916819715702294,-0.2886944430650837,0.070692281553466,0.234477368543958,5171
C,q43_edu,province_FE,HC1,joint,8.275301067899045,,,,0.218619902201037,5171
C,q43_edu,province_FE,HC3,200,-0.0746662871698997,0.0939133123356743,-0.2587329970166827,0.1094004226768832,0.4265812701920084,5171
C,q43_edu,province_FE,HC3,1000,-0.1994927525778765,0.0898975041038507,-0.3756886229214657,-0.0232968822342874,0.0264790132117544,5171
C,q43_edu,province_FE,HC3,5000,-0.1090010807558088,0.0923546835107381,-0.2900129342404507,0.072010772728833,0.2379030989922095,5171
C,q43_edu,province_FE,HC3,joint,8.149187941710014,,,,0.2273759517100812,5171
C,q43_edu,province_FE,province_cluster,200,-0.0746662871698997,0.1156855456830334,-0.3014057902405084,0.1520732159007089,0.5186521212035919,5171
C,q43_edu,province_FE,province_cluster,1000,-0.1994927525778765,0.1014437401323565,-0.3983188296943359,-0.0006666754614172,0.0492367444231013,5171
C,q43_edu,province_FE,province_cluster,5000,-0.1090010807558088,0.1097952673598173,-0.3241958504539969,0.1061936889423792,0.3208236814591249,5171
C,q43_edu,province_FE,province_cluster,joint,9.985464353485137,,,,0.1252654832417617,5171
C,q43_edu,province_FE,city_cluster,200,-0.0746662871698997,0.0962813675651099,-0.2633742999797782,0.1140417256399787,0.4380437340463564,5171
C,q43_edu,province_FE,city_cluster,1000,-0.1994927525778765,0.0931739732875693,-0.3821103845180095,-0.0168751206377436,0.0322677413903036,5171
C,q43_edu,province_FE,city_cluster,5000,-0.1090010807558088,0.0975642349629823,-0.3002234674624577,0.08222130595084,0.2638986668863932,5171
C,q43_edu,province_FE,city_cluster,joint,9.021286765925634,,,,0.1723844528324475,5171
C,q43_edu,citytier_FE,HC1,200,-0.0815218110328862,0.0926307659463378,-0.2630747761480677,0.1000311540822953,0.3788199111485278,5171
C,q43_edu,citytier_FE,HC1,1000,-0.1890421690437499,0.0884681687701442,-0.3624365936114438,-0.0156477444760559,0.0326111479307703,5171
C,q43_edu,citytier_FE,HC1,5000,-0.1148790277773972,0.0911186155399012,-0.2934682325567552,0.0637101770019608,0.2073940555459514,5171
C,q43_edu,citytier_FE,HC1,joint,7.769651167672921,,,,0.2554696921271472,5171
C,q43_edu,citytier_FE,HC3,200,-0.0815218110328862,0.0931272850276359,-0.2640479356650488,0.1010043135992764,0.3813668963776653,5171
C,q43_edu,citytier_FE,HC3,1000,-0.1890421690437499,0.0889066395413578,-0.3632959805312959,-0.0147883575562038,0.033478305479118,5171
C,q43_edu,citytier_FE,HC3,5000,-0.1148790277773972,0.0915762105038511,-0.2943651022056041,0.0646070466508096,0.2096735280459487,5171
C,q43_edu,citytier_FE,HC3,joint,7.691566947322991,,,,0.2615818283013555,5171
C,q43_edu,citytier_FE,province_cluster,200,-0.0815218110328862,0.1163834735299068,-0.3096292275471742,0.1465856054814019,0.4836409183864358,5171
C,q43_edu,citytier_FE,province_cluster,1000,-0.1890421690437499,0.1001061799057341,-0.385246676288876,0.0071623382013762,0.0589700483713657,5171
C,q43_edu,citytier_FE,province_cluster,5000,-0.1148790277773972,0.1070599195246538,-0.3247126142334753,0.0949545586786809,0.283255467143375,5171
C,q43_edu,citytier_FE,province_cluster,joint,9.931127466928544,,,,0.1275825153096257,5171
C,q43_edu,citytier_FE,city_cluster,200,-0.0815218110328862,0.096337625732837,-0.2703400878253459,0.1072964657595735,0.3974359009777309,5171
C,q43_edu,citytier_FE,city_cluster,1000,-0.1890421690437499,0.0926357172434054,-0.3706048385228606,-0.0074794995646392,0.0412801605677052,5171
C,q43_edu,citytier_FE,city_cluster,5000,-0.1148790277773972,0.0969648353799411,-0.3049266128889369,0.0751685573341426,0.2361165555116904,5171
C,q43_edu,citytier_FE,city_cluster,joint,8.632117631803698,,,,0.1953488878208279,5171
C,q30_medexp,primary,HC1,200,0.2779873746544977,0.1014833057228937,0.0790837504055585,0.4768909989034369,0.0061580950374705,5171
C,q30_medexp,primary,HC1,1000,0.0300878670045305,0.0893786029744855,-0.1450909758139655,0.2052667098230267,0.7363929035797241,5171
C,q30_medexp,primary,HC1,5000,0.1579333326576589,0.0916810267238455,-0.0217581777867325,0.3376248431020504,0.0849537873307458,5171
C,q30_medexp,primary,HC1,joint,12.826308691680415,,,,0.045878610192495,5171
C,q30_medexp,primary,HC3,200,0.2779873746544977,0.1020442237879831,0.0779843711997052,0.4779903781092902,0.0064460328776605,5171
C,q30_medexp,primary,HC3,1000,0.0300878670045305,0.0898840148998377,-0.146081564985013,0.2062572989940742,0.7378204538005105,5171
C,q30_medexp,primary,HC3,5000,0.1579333326576589,0.0921982953006845,-0.0227720055676712,0.338638670882989,0.0867172232508331,5171
C,q30_medexp,primary,HC3,joint,12.685835678609568,,,,0.0483052127017658,5171
C,q30_medexp,primary,province_cluster,200,0.2779873746544977,0.1017639220346085,0.078533752541123,0.4774409967678724,0.0063010610937449,5171
C,q30_medexp,primary,province_cluster,1000,0.0300878670045305,0.0934130291875454,-0.1529983058898474,0.2131740398989085,0.7473807473765464,5171
C,q30_medexp,primary,province_cluster,5000,0.1579333326576589,0.0768912687078995,0.0072292152645841,0.3086374500507336,0.039977369982182,5171
C,q30_medexp,primary,province_cluster,joint,23.416932344392052,,,,0.0006682127879939,5171
C,q30_medexp,primary,city_cluster,200,0.2779873746544977,0.1021631765757623,0.0777512280197973,0.4782235212891981,0.0065082119043161,5171
C,q30_medexp,primary,city_cluster,1000,0.0300878670045305,0.0949554693247335,-0.156021433007045,0.2161971670161062,0.7513476210638045,5171
C,q30_medexp,primary,city_cluster,5000,0.1579333326576589,0.0885765541279701,-0.0156735233078252,0.331540188623143,0.0745838469092909,5171
C,q30_medexp,primary,city_cluster,joint,12.370289923428455,,,,0.0541999120529423,5171
C,q30_medexp,controls,HC1,200,0.2344665238210926,0.1009100784382939,0.0366864044049246,0.4322466432372606,0.0201512672834798,5171
C,q30_medexp,controls,HC1,1000,0.0148603014776596,0.0869198179230281,-0.1554994111942546,0.185220014149574,0.8642507905165877,5171
C,q30_medexp,controls,HC1,5000,0.1410131682293722,0.0895130773036969,-0.0344292394312234,0.316455575889968,0.1151789211996442,5171
C,q30_medexp,controls,HC1,joint,10.517540876354142,,,,0.1044818172343477,5171
C,q30_medexp,controls,HC3,200,0.2344665238210926,0.1019280167500428,0.0346912819754132,0.434241765666772,0.0214303927085805,5171
C,q30_medexp,controls,HC3,1000,0.0148603014776596,0.0877096465491093,-0.1570474468553325,0.1867680498106518,0.8654615121923287,5171
C,q30_medexp,controls,HC3,5000,0.1410131682293722,0.0903642124410518,-0.0360974336464155,0.3181237701051601,0.1186422541366774,5171
C,q30_medexp,controls,HC3,joint,10.311109134875547,,,,0.1121472329271623,5171
C,q30_medexp,controls,province_cluster,200,0.2344665238210926,0.0996392456583374,0.0391771908840122,0.429755856758173,0.0186149056208536,5171
C,q30_medexp,controls,province_cluster,1000,0.0148603014776596,0.0930705320836819,-0.1675545894283365,0.1972751923836558,0.8731433227770768,5171
C,q30_medexp,controls,province_cluster,5000,0.1410131682293722,0.0796333668451414,-0.015065362754771,0.2970916992135156,0.0765973037036762,5171
C,q30_medexp,controls,province_cluster,joint,21.03830842947533,,,,0.0018057651468652,5171
C,q30_medexp,controls,city_cluster,200,0.2344665238210926,0.0993999454306435,0.0396462107117845,0.4292868369304008,0.0183331734206968,5171
C,q30_medexp,controls,city_cluster,1000,0.0148603014776596,0.0926309346144818,-0.1666929942210093,0.1964135971763286,0.8725464353253176,5171
C,q30_medexp,controls,city_cluster,5000,0.1410131682293722,0.0869211155685637,-0.0293490877810565,0.311375424239801,0.1047365620807026,5171
C,q30_medexp,controls,city_cluster,joint,9.881830344729378,,,,0.1297174208926228,5171
C,q30_medexp,province_FE,HC1,200,0.2699574137827886,0.102547859986107,0.0689673015183625,0.4709475260472145,0.0084758603607605,5171
C,q30_medexp,province_FE,HC1,1000,0.0247018177886006,0.090056084907614,-0.151804865219004,0.2012085007962052,0.783858916621341,5171
C,q30_medexp,province_FE,HC1,5000,0.150806214632473,0.0923367900728883,-0.0301705683584237,0.3317829976233699,0.1024229118797694,5171
C,q30_medexp,province_FE,HC1,joint,12.17342555391746,,,,0.0582098536941172,5171
C,q30_medexp,province_FE,HC3,200,0.2699574137827886,0.1034482935079929,0.0672024842449938,0.4727123433205834,0.0090651356659603,5171
C,q30_medexp,province_FE,HC3,1000,0.0247018177886006,0.0909159802423952,-0.1534902291056492,0.2028938646828505,0.785853158391774,5171
C,q30_medexp,province_FE,HC3,5000,0.150806214632473,0.093046485453216,-0.0315615457438604,0.3331739750088066,0.1050686754301631,5171
C,q30_medexp,province_FE,HC3,joint,11.97551922585804,,,,0.0625171739820053,5171
C,q30_medexp,province_FE,province_cluster,200,0.2699574137827886,0.1038059573393197,0.0665014760170206,0.4734133515485565,0.0093061829633999,5171
C,q30_medexp,province_FE,province_cluster,1000,0.0247018177886006,0.0941519750695354,-0.1598326624210018,0.2092362979982031,0.7930430434739744,5171
C,q30_medexp,province_FE,province_cluster,5000,0.150806214632473,0.076648860028705,0.0005772095201595,0.3010352197447866,0.0491262232204791,5171
C,q30_medexp,province_FE,province_cluster,joint,22.080002397314395,,,,0.001171108423592,5171
C,q30_medexp,province_FE,city_cluster,200,0.2699574137827886,0.103974150604923,0.0661718232739959,0.4737430042915812,0.0094209147560288,5171
C,q30_medexp,province_FE,city_cluster,1000,0.0247018177886006,0.0943979417621756,-0.160314748279973,0.2097183838571743,0.7935700855111569,5171
C,q30_medexp,province_FE,city_cluster,5000,0.150806214632473,0.0903180759310253,-0.0262139613452905,0.3278263906102366,0.0949740803228563,5171
C,q30_medexp,province_FE,city_cluster,joint,11.262413560014682,,,,0.0805970041323954,5171
C,q30_medexp,citytier_FE,HC1,200,0.2785706648773417,0.1010390109690512,0.0805378423444538,0.4766034874102296,0.0058323561425822,5171
C,q30_medexp,citytier_FE,HC1,1000,0.0271904577707937,0.089659145029744,-0.1485382373721579,0.2029191529137454,0.7616881110912241,5171
C,q30_medexp,citytier_FE,HC1,5000,0.1569495551845179,0.0916929872485816,-0.0227653974575925,0.3366645078266284,0.0869546452858029,5171
C,q30_medexp,citytier_FE,HC1,joint,12.722571990477324,,,,0.0476592756019179,5171
C,q30_medexp,citytier_FE,HC3,200,0.2785706648773417,0.1016325648421261,0.0793744981303426,0.4777668316243407,0.0061260203334045,5171
C,q30_medexp,citytier_FE,HC3,1000,0.0271904577707937,0.0902028745387975,-0.1496039276272344,0.2039848431688219,0.7630815044441311,5171
C,q30_medexp,citytier_FE,HC3,5000,0.1569495551845179,0.0922455475143555,-0.0238483956777972,0.3377475060468331,0.088861838091318,5171
C,q30_medexp,citytier_FE,HC3,joint,12.574245327920265,,,,0.0503178298737498,5171
C,q30_medexp,citytier_FE,province_cluster,200,0.2785706648773417,0.0982702156829355,0.0859645813858049,0.4711767483688786,0.0045862770079826,5171
C,q30_medexp,citytier_FE,province_cluster,1000,0.0271904577707937,0.09231371832126,-0.1537411054178512,0.2081220209594386,0.7683421975804381,5171
C,q30_medexp,citytier_FE,province_cluster,5000,0.1569495551845179,0.0766191443658553,0.0067787917011663,0.3071203186678695,0.0405171162186977,5171
C,q30_medexp,citytier_FE,province_cluster,joint,24.816233046332417,,,,0.0003692649242011,5171
C,q30_medexp,citytier_FE,city_cluster,200,0.2785706648773417,0.1010859915124034,0.0804457621715094,0.476695567583174,0.005855252237504,5171
C,q30_medexp,citytier_FE,city_cluster,1000,0.0271904577707937,0.0944219264720615,-0.1578731174653359,0.2122540330069234,0.7733715220826881,5171
C,q30_medexp,citytier_FE,city_cluster,5000,0.1569495551845179,0.0887941210165101,-0.017083724046733,0.3309828344157688,0.0771333244245785,5171
C,q30_medexp,citytier_FE,city_cluster,joint,12.274253249164644,,,,0.0561228631460303,5171
