sample,amount,classification,outcome,N,N_food,N_cash,food_minus_cash,se,lo,hi
R,200,ambiguous,outcome_ord,40,21,19,-0.6215538847117794,0.525010315549342,-1.6505741031884897,0.4074663337649309
R,200,ambiguous,mpc_midpoint,40,21,19,-0.12067669172932333,0.0882786898669711,-0.29370292386858665,0.052349540409940026
R,200,strict_inframarginal,outcome_ord,1193,593,600,-0.13047779651489622,0.09601220162455866,-0.3186617116990312,0.05770611866923875
R,200,strict_inframarginal,mpc_midpoint,1193,593,600,-0.021076658234963436,0.016622383591555122,-0.05365653007441147,0.0115032136044846
R,1000,ambiguous,outcome_ord,49,26,23,-0.5250836120401339,0.41758961656944893,-1.3435592605162539,0.293392036435986
R,1000,ambiguous,mpc_midpoint,49,26,23,-0.10886287625418058,0.06761413746342015,-0.24138658568248406,0.023660833174122917
R,1000,strict_inframarginal,outcome_ord,1166,594,572,-0.11480186480186516,0.09092328309662616,-0.2930114996712524,0.0634077700675221
R,1000,strict_inframarginal,mpc_midpoint,1166,594,572,-0.022039303289303286,0.015330728706742375,-0.05208753155451834,0.008008924975911769
R,5000,ambiguous,outcome_ord,227,120,107,0.005451713395638436,0.19396170463492485,-0.37471322768881427,0.38561665448009114
R,5000,ambiguous,mpc_midpoint,227,120,107,0.022404595015576317,0.031403765965472896,-0.039146786276750556,0.08395597630790319
R,5000,binding,outcome_ord,56,27,29,0.3524904214559388,0.3032311046855606,-0.24184254372775993,0.9468233866396375
R,5000,binding,mpc_midpoint,56,27,29,0.05102171136653895,0.04004786725249246,-0.027472108448346272,0.12951553118142417
R,5000,strict_inframarginal,outcome_ord,903,455,448,-0.11830357142857117,0.09899075340214035,-0.31232544809676627,0.07571830523962392
R,5000,strict_inframarginal,mpc_midpoint,903,455,448,-0.016589114010989003,0.016683468433792956,-0.0492887121412232,0.01611048411924519
A,200,ambiguous,outcome_ord,40,21,19,-0.6215538847117794,0.525010315549342,-1.6505741031884897,0.4074663337649309
A,200,ambiguous,mpc_midpoint,40,21,19,-0.12067669172932333,0.0882786898669711,-0.29370292386858665,0.052349540409940026
A,200,strict_inframarginal,outcome_ord,1191,592,599,-0.13743626765329608,0.09600950737371564,-0.3256149021057787,0.05074236679918656
A,200,strict_inframarginal,mpc_midpoint,1191,592,599,-0.022501818909894916,0.016611313075953406,-0.05505999253876359,0.010056354718973759
A,1000,ambiguous,outcome_ord,49,26,23,-0.5250836120401339,0.41758961656944893,-1.3435592605162539,0.293392036435986
A,1000,ambiguous,mpc_midpoint,49,26,23,-0.10886287625418058,0.06761413746342015,-0.24138658568248406,0.023660833174122917
A,1000,strict_inframarginal,outcome_ord,1162,593,569,-0.11943381631630912,0.09097726921483318,-0.2977492639773821,0.0588816313447639
A,1000,strict_inframarginal,mpc_midpoint,1162,593,569,-0.02305566998698938,0.015335359891894848,-0.05311297537510328,0.007001635401124522
A,5000,ambiguous,outcome_ord,225,119,106,0.013477088948786964,0.19527857931755255,-0.36926892651361604,0.39622310441118996
A,5000,ambiguous,mpc_midpoint,225,119,106,0.022907087363247175,0.03163171089214498,-0.03909106598535699,0.08490524071185135
A,5000,binding,outcome_ord,56,27,29,0.3524904214559388,0.3032311046855606,-0.24184254372775993,0.9468233866396375
A,5000,binding,mpc_midpoint,56,27,29,0.05102171136653895,0.04004786725249246,-0.027472108448346272,0.12951553118142417
A,5000,strict_inframarginal,outcome_ord,898,453,445,-0.12293077361906901,0.09945433992942784,-0.3178612798807476,0.07199973264260956
A,5000,strict_inframarginal,mpc_midpoint,898,453,445,-0.01749708559664659,0.016759530671175756,-0.05034576571215107,0.01535159451885789
C,200,ambiguous,outcome_ord,35,18,17,-0.3529411764705883,0.550156386141106,-1.431247693307156,0.7253653403659794
C,200,ambiguous,mpc_midpoint,35,18,17,-0.07851307189542484,0.09054339049887249,-0.2559781172732149,0.09895197348236523
C,200,strict_inframarginal,outcome_ord,1134,559,575,-0.1722828031422572,0.09848474117695566,-0.36531289584909027,0.020747289564575888
C,200,strict_inframarginal,mpc_midpoint,1134,559,575,-0.02945438282647586,0.01707382844039459,-0.06291908656964926,0.004010320916697535
C,1000,ambiguous,outcome_ord,47,25,22,-0.552727272727273,0.43170966966507685,-1.3988782252708236,0.2934236798162776
C,1000,ambiguous,mpc_midpoint,47,25,22,-0.11413636363636362,0.07020801792664787,-0.2517440787725934,0.023471351499866205
C,1000,strict_inframarginal,outcome_ord,1090,554,536,-0.10327199741365378,0.09412324079400111,-0.28775354936989594,0.08120955454258838
C,1000,strict_inframarginal,mpc_midpoint,1090,554,536,-0.020525082170375547,0.01596912815873444,-0.051824573361495055,0.01077440902074396
C,5000,ambiguous,outcome_ord,209,108,101,0.016776677667766915,0.20375874004321473,-0.38259045281693393,0.41614380815246776
C,5000,ambiguous,mpc_midpoint,209,108,101,0.02324899156582319,0.03318350483926118,-0.041790677919128716,0.0882886610507751
C,5000,binding,outcome_ord,54,27,27,0.2962962962962963,0.30833793191475073,-0.30804605025661513,0.9006386428492077
C,5000,binding,mpc_midpoint,54,27,27,0.04629629629629628,0.040624835126815376,-0.03332838055226185,0.1259209731448544
C,5000,strict_inframarginal,outcome_ord,847,428,419,-0.09218098275823605,0.10205797746214228,-0.2922146185840349,0.10785265306756281
C,5000,strict_inframarginal,mpc_midpoint,847,428,419,-0.009734737804742072,0.017261454975619542,-0.043567189556956376,0.024097713947472232
Q1,200,ambiguous,outcome_ord,23,12,11,0.09090909090909083,0.6891524718642341,-1.259829753944808,1.4416479357629897
Q1,200,ambiguous,mpc_midpoint,23,12,11,-0.002462121212121221,0.11183050585981974,-0.22164991269736792,0.21672567027312548
Q1,200,strict_inframarginal,outcome_ord,612,321,291,-0.10453800944214287,0.14038038774781103,-0.3796835694278525,0.17060755054356674
Q1,200,strict_inframarginal,mpc_midpoint,612,321,291,-0.025650351671644672,0.024413743690977086,-0.07350128930595975,0.022200585962670417
Q1,1000,ambiguous,outcome_ord,24,11,13,-0.7202797202797202,0.6333145014371726,-1.9615761430965786,0.5210167025371382
Q1,1000,ambiguous,mpc_midpoint,24,11,13,-0.1339160839160839,0.10527025959277221,-0.34024579271791744,0.07241362488574962
Q1,1000,strict_inframarginal,outcome_ord,558,278,280,-0.11590441932168538,0.13690340603241472,-0.3842350951452182,0.15242625650184743
Q1,1000,strict_inframarginal,mpc_midpoint,558,278,280,-0.027095323741007205,0.023426852674771487,-0.07301195498355931,0.018821307501544905
Q1,5000,ambiguous,outcome_ord,120,59,61,0.18227285357043588,0.2745571989609431,-0.35585925639301264,0.7204049635338844
Q1,5000,ambiguous,mpc_midpoint,120,59,61,0.04952070019449842,0.044779167365570305,-0.03824646784201938,0.1372878682310162
Q1,5000,binding,outcome_ord,33,15,18,0.11111111111111116,0.4299938355606843,-0.7316768065878301,0.9538990288100524
Q1,5000,binding,mpc_midpoint,33,15,18,0.03805555555555555,0.06280363014288577,-0.08503955952450055,0.16115067063561167
Q1,5000,strict_inframarginal,outcome_ord,411,205,206,-0.21991475254558335,0.15554931037254024,-0.5247914008757621,0.08496189578459551
Q1,5000,strict_inframarginal,mpc_midpoint,411,205,206,-0.03223715368221641,0.0266962948656921,-0.08456189161897293,0.020087584254540103
Q2,200,ambiguous,outcome_ord,14,8,6,0.625,0.789156421213727,-0.9217465855789049,2.171746585578905
Q2,200,ambiguous,mpc_midpoint,14,8,6,0.08125000000000002,0.12354058760469891,-0.16088955170520985,0.3233895517052099
Q2,200,strict_inframarginal,outcome_ord,264,150,114,-0.13228070175438633,0.23218727356076455,-0.5873677579334848,0.32280635442471217
Q2,200,strict_inframarginal,mpc_midpoint,264,150,114,-0.030692982456140327,0.040342178234720374,-0.10976365179619225,0.0483776868839116
Q2,1000,ambiguous,outcome_ord,12,4,8,0.625,0.9899043965382285,-1.3152126172149279,2.565212617214928
Q2,1000,ambiguous,mpc_midpoint,12,4,8,0.08125000000000002,0.16017684609146704,-0.23269661833927538,0.39519661833927544
Q2,1000,strict_inframarginal,outcome_ord,238,118,120,0.32612994350282465,0.2302306491309387,-0.12512212879381523,0.7773820157994645
Q2,1000,strict_inframarginal,mpc_midpoint,238,118,120,0.04301200564971738,0.03988059728792079,-0.035153965034607354,0.12117797633404212
Q2,5000,ambiguous,outcome_ord,68,34,34,0.17647058823529438,0.3805317934713316,-0.5693717269685156,0.9223129034391043
Q2,5000,ambiguous,mpc_midpoint,68,34,34,0.05808823529411766,0.06179294936116748,-0.06302594545377059,0.17920241604200593
Q2,5000,binding,outcome_ord,17,8,9,0.125,0.7208281722909101,-1.2878232176901838,1.5378232176901838
Q2,5000,binding,mpc_midpoint,17,8,9,0.06979166666666667,0.11430363590260616,-0.15424345970244138,0.29382679303577475
Q2,5000,strict_inframarginal,outcome_ord,206,95,111,-0.3731626363205307,0.23152885868885417,-0.8269591993506848,0.08063392670962344
Q2,5000,strict_inframarginal,mpc_midpoint,206,95,111,-0.05253437648174497,0.03929590392244608,-0.12955434816973926,0.024485595206249336
